symbol,start,end,profit
YTC,2022-01-01,2022-10-01,0
YEG,2022-01-01,2022-10-01,2.369999999999999
YBM,2022-01-01,2022-10-01,-0.17999999999999972
YBC,2022-01-01,2022-10-01,-0.5
XPH,2022-01-01,2022-10-01,1.5000000000000018
XMP,2022-01-01,2022-10-01,-0.2699999999999996
XMD,2022-01-01,2022-10-01,-8.799999999999999
XMC,2022-01-01,2022-10-01,-2.1599999999999993
XLV,2022-01-01,2022-10-01,0.9200000000000008
XHC,2022-01-01,2022-10-01,8.899999999999999
XDH,2022-01-01,2022-10-01,0
XDC,2022-01-01,2022-10-01,
X77,2022-01-01,2022-10-01,0
X26,2022-01-01,2022-10-01,0
X20,2022-01-01,2022-10-01,-3.2700000000000022
WTC,2022-01-01,2022-10-01,-12.230000000000002
WSS,2022-01-01,2022-10-01,-3.1999999999999993
WSB,2022-01-01,2022-10-01,1.5400000000000063
WCS,2022-01-01,2022-10-01,-14.73999999999998
VXT,2022-01-01,2022-10-01,0
VXP,2022-01-01,2022-10-01,0
VXB,2022-01-01,2022-10-01,-27.599999999999994
VWS,2022-01-01,2022-10-01,2.92
VW3,2022-01-01,2022-10-01,3.650000000000002
VVS,2022-01-01,2022-10-01,
VVN,2022-01-01,2022-10-01,-1.0
VUA,2022-01-01,2022-10-01,2.3000000000000043
VTZ,2022-01-01,2022-10-01,-1.5499999999999998
VTX,2022-01-01,2022-10-01,-2.0
VTV,2022-01-01,2022-10-01,-3.41
VTS,2022-01-01,2022-10-01,11.500000000000002
VTR,2022-01-01,2022-10-01,-1.7999999999999972
VTQ,2022-01-01,2022-10-01,0
VTP,2022-01-01,2022-10-01,7.170000000000002
VTO,2022-01-01,2022-10-01,-0.009999999999999787
VTM,2022-01-01,2022-10-01,0
VTL,2022-01-01,2022-10-01,9.4
VTK,2022-01-01,2022-10-01,5.390000000000004
VTJ,2022-01-01,2022-10-01,
VTI,2022-01-01,2022-10-01,
VTH,2022-01-01,2022-10-01,
VTG,2022-01-01,2022-10-01,3.3999999999999986
VTE,2022-01-01,2022-10-01,-0.9399999999999986
VTD,2022-01-01,2022-10-01,3.3000000000000007
VTC,2022-01-01,2022-10-01,1.8699999999999992
VTB,2022-01-01,2022-10-01,0.9100000000000001
VTA,2022-01-01,2022-10-01,-1.1999999999999993
VST,2022-01-01,2022-10-01,0.399999999999999
VSP,2022-01-01,2022-10-01,0
VSN,2022-01-01,2022-10-01,-3.41
VSM,2022-01-01,2022-10-01,-2.6999999999999957
VSI,2022-01-01,2022-10-01,2.3699999999999957
VSH,2022-01-01,2022-10-01,7.320000000000004
VSG,2022-01-01,2022-10-01,0.0
VSF,2022-01-01,2022-10-01,-1.6000000000000005
VSE,2022-01-01,2022-10-01,-2.4399999999999995
VSC,2022-01-01,2022-10-01,1.389999999999997
VSA,2022-01-01,2022-10-01,1.5700000000000038
VRG,2022-01-01,2022-10-01,2.139999999999997
VRE,2022-01-01,2022-10-01,-0.44999999999999574
VRC,2022-01-01,2022-10-01,-4.549999999999999
VQC,2022-01-01,2022-10-01,6.860000000000001
VPW,2022-01-01,2022-10-01,0
VPS,2022-01-01,2022-10-01,-2.130000000000001
VPR,2022-01-01,2022-10-01,2.1400000000000006
VPI,2022-01-01,2022-10-01,1.9200000000000017
VPH,2022-01-01,2022-10-01,4.0699999999999985
VPG,2022-01-01,2022-10-01,-25.29
VPD,2022-01-01,2022-10-01,0.35999999999999943
VPC,2022-01-01,2022-10-01,0.6999999999999993
VPB,2022-01-01,2022-10-01,-1.2500000000000036
VPA,2022-01-01,2022-10-01,-3.1000000000000005
VOS,2022-01-01,2022-10-01,-1.3000000000000025
VOC,2022-01-01,2022-10-01,-6.800000000000001
VNZ,2022-01-01,2022-10-01,
VNY,2022-01-01,2022-10-01,-2.0
VNX,2022-01-01,2022-10-01,-0.08999999999999897
VNT,2022-01-01,2022-10-01,22.49999999999998
VNS,2022-01-01,2022-10-01,3.2200000000000006
VNR,2022-01-01,2022-10-01,0.240000000000002
VNP,2022-01-01,2022-10-01,-6.600000000000001
VNM,2022-01-01,2022-10-01,-1.9699999999999989
VNL,2022-01-01,2022-10-01,-1.1800000000000015
VNI,2022-01-01,2022-10-01,4.1
VNH,2022-01-01,2022-10-01,-4.0
VNG,2022-01-01,2022-10-01,-4.200000000000003
VNF,2022-01-01,2022-10-01,6.6899999999999995
VNE,2022-01-01,2022-10-01,-4.449999999999999
VND,2022-01-01,2022-10-01,-3.870000000000001
VNC,2022-01-01,2022-10-01,15.910000000000004
VNB,2022-01-01,2022-10-01,-4.1
VNA,2022-01-01,2022-10-01,-1.1599999999999966
VMT,2022-01-01,2022-10-01,
VMS,2022-01-01,2022-10-01,-0.16999999999999815
VMK,2022-01-01,2022-10-01,
VMI,2022-01-01,2022-10-01,-0.3999999999999997
VMG,2022-01-01,2022-10-01,-0.2999999999999998
VMD,2022-01-01,2022-10-01,-8.220000000000002
VMC,2022-01-01,2022-10-01,-8.739999999999998
VMA,2022-01-01,2022-10-01,0
VLW,2022-01-01,2022-10-01,-0.6799999999999997
VLP,2022-01-01,2022-10-01,0
VLG,2022-01-01,2022-10-01,-3.13
VLF,2022-01-01,2022-10-01,-0.6999999999999995
VLC,2022-01-01,2022-10-01,-6.100000000000001
VLB,2022-01-01,2022-10-01,-3.0400000000000027
VLA,2022-01-01,2022-10-01,-0.7899999999999991
VKP,2022-01-01,2022-10-01,0
VKD,2022-01-01,2022-10-01,0
VKC,2022-01-01,2022-10-01,-6.199999999999998
VJC,2022-01-01,2022-10-01,10.899999999999977
VIX,2022-01-01,2022-10-01,-0.29999999999999893
VIW,2022-01-01,2022-10-01,3.5
VIT,2022-01-01,2022-10-01,-2.4600000000000044
VIS,2022-01-01,2022-10-01,
VIR,2022-01-01,2022-10-01,0.3000000000000007
VIP,2022-01-01,2022-10-01,-2.1399999999999997
VIN,2022-01-01,2022-10-01,-2.190000000000003
VIM,2022-01-01,2022-10-01,-3.7200000000000024
VIH,2022-01-01,2022-10-01,1.6300000000000008
VIG,2022-01-01,2022-10-01,-3.1999999999999993
VIF,2022-01-01,2022-10-01,-0.8799999999999972
VIE,2022-01-01,2022-10-01,1.8000000000000016
VID,2022-01-01,2022-10-01,-0.490000000000002
VIC,2022-01-01,2022-10-01,-27.299999999999997
VIB,2022-01-01,2022-10-01,-4.269999999999998
VHM,2022-01-01,2022-10-01,-4.8600000000000065
VHL,2022-01-01,2022-10-01,0.9000000000000021
VHI,2022-01-01,2022-10-01,
VHH,2022-01-01,2022-10-01,4.2
VHG,2022-01-01,2022-10-01,-5.6
VHF,2022-01-01,2022-10-01,1.0199999999999996
VHE,2022-01-01,2022-10-01,-4.2
VHD,2022-01-01,2022-10-01,-18.299999999999997
VHC,2022-01-01,2022-10-01,-5.579999999999991
VGV,2022-01-01,2022-10-01,-3.8100000000000023
VGT,2022-01-01,2022-10-01,-2.5400000000000027
VGS,2022-01-01,2022-10-01,-8.12
VGR,2022-01-01,2022-10-01,1.1599999999999966
VGP,2022-01-01,2022-10-01,8.79
VGL,2022-01-01,2022-10-01,-5.100000000000001
VGI,2022-01-01,2022-10-01,6.200000000000003
VGG,2022-01-01,2022-10-01,2.760000000000012
VGC,2022-01-01,2022-10-01,3.8600000000000065
VFS,2022-01-01,2022-10-01,1.6999999999999993
VFR,2022-01-01,2022-10-01,1.0999999999999996
VFG,2022-01-01,2022-10-01,-2.960000000000008
VFC,2022-01-01,2022-10-01,12.489999999999998
VET,2022-01-01,2022-10-01,15.099999999999994
VES,2022-01-01,2022-10-01,1.5
VEF,2022-01-01,2022-10-01,-20.5
VEC,2022-01-01,2022-10-01,-3.5
VEA,2022-01-01,2022-10-01,3.120000000000001
VE9,2022-01-01,2022-10-01,-4.2
VE8,2022-01-01,2022-10-01,0.799999999999998
VE4,2022-01-01,2022-10-01,-7.0
VE3,2022-01-01,2022-10-01,1.0
VE2,2022-01-01,2022-10-01,4.3
VE1,2022-01-01,2022-10-01,-2.3000000000000007
VDT,2022-01-01,2022-10-01,1.3000000000000007
VDS,2022-01-01,2022-10-01,-8.969999999999999
VDP,2022-01-01,2022-10-01,0.18999999999999773
VDN,2022-01-01,2022-10-01,15.849999999999998
VDM,2022-01-01,2022-10-01,
VDL,2022-01-01,2022-10-01,5.699999999999999
VDG,2022-01-01,2022-10-01,
VDB,2022-01-01,2022-10-01,0
VCX,2022-01-01,2022-10-01,0.6000000000000005
VCW,2022-01-01,2022-10-01,19.67
VCT,2022-01-01,2022-10-01,0
VCS,2022-01-01,2022-10-01,-15.780000000000001
VCR,2022-01-01,2022-10-01,1.7999999999999972
VCP,2022-01-01,2022-10-01,-3.5000000000000036
VCM,2022-01-01,2022-10-01,-1.1099999999999994
VCI,2022-01-01,2022-10-01,-8.21
VCG,2022-01-01,2022-10-01,-9.98
VCF,2022-01-01,2022-10-01,-5.0
VCE,2022-01-01,2022-10-01,0
VCC,2022-01-01,2022-10-01,-5.940000000000001
VCB,2022-01-01,2022-10-01,-1.9399999999999977
VCA,2022-01-01,2022-10-01,-0.020000000000003126
VC9,2022-01-01,2022-10-01,11.600000000000001
VC7,2022-01-01,2022-10-01,-7.109999999999998
VC6,2022-01-01,2022-10-01,-0.9200000000000008
VC5,2022-01-01,2022-10-01,-1.7000000000000002
VC3,2022-01-01,2022-10-01,-3.0000000000000036
VC2,2022-01-01,2022-10-01,-31.84
VC1,2022-01-01,2022-10-01,-5.699999999999999
VBH,2022-01-01,2022-10-01,-2.5999999999999996
VBG,2022-01-01,2022-10-01,0
VBC,2022-01-01,2022-10-01,-1.5200000000000031
VBB,2022-01-01,2022-10-01,-1.4300000000000006
VAV,2022-01-01,2022-10-01,-5.899999999999995
VAT,2022-01-01,2022-10-01,-0.4999999999999998
VAF,2022-01-01,2022-10-01,0.3399999999999963
VAB,2022-01-01,2022-10-01,-1.8999999999999986
V21,2022-01-01,2022-10-01,-5.699999999999998
V15,2022-01-01,2022-10-01,-0.9000000000000001
V12,2022-01-01,2022-10-01,-5.120000000000001
V11,2022-01-01,2022-10-01,-1.5
UXC,2022-01-01,2022-10-01,
USD,2022-01-01,2022-10-01,0.5100000000000016
USC,2022-01-01,2022-10-01,4.989999999999999
UPH,2022-01-01,2022-10-01,6.2
UPC,2022-01-01,2022-10-01,5.119999999999999
UNI,2022-01-01,2022-10-01,2.0
UMC,2022-01-01,2022-10-01,1.8200000000000003
UIC,2022-01-01,2022-10-01,7.219999999999999
UEM,2022-01-01,2022-10-01,0
UDL,2022-01-01,2022-10-01,2.1400000000000006
UDJ,2022-01-01,2022-10-01,-0.15000000000000036
UDC,2022-01-01,2022-10-01,1.209999999999999
UCT,2022-01-01,2022-10-01,-1.4000000000000004
TYA,2022-01-01,2022-10-01,-3.540000000000001
TXM,2022-01-01,2022-10-01,-1.7000000000000002
TW3,2022-01-01,2022-10-01,-1.879999999999999
TVW,2022-01-01,2022-10-01,-2.2699999999999996
TVT,2022-01-01,2022-10-01,0.07000000000000028
TVS,2022-01-01,2022-10-01,0.32000000000000384
TVP,2022-01-01,2022-10-01,1.950000000000001
TVN,2022-01-01,2022-10-01,-4.840000000000002
TVM,2022-01-01,2022-10-01,4.08
TVH,2022-01-01,2022-10-01,0.009999999999999787
TVG,2022-01-01,2022-10-01,3.0999999999999996
TVD,2022-01-01,2022-10-01,-0.08999999999999808
TVC,2022-01-01,2022-10-01,-10.700000000000001
TVB,2022-01-01,2022-10-01,-6.099999999999994
TVA,2022-01-01,2022-10-01,3.4000000000000004
TV6,2022-01-01,2022-10-01,-0.40000000000000036
TV4,2022-01-01,2022-10-01,1.67
TV3,2022-01-01,2022-10-01,-1.5899999999999999
TV2,2022-01-01,2022-10-01,-7.320000000000004
TV1,2022-01-01,2022-10-01,
TUG,2022-01-01,2022-10-01,6.119999999999999
TTZ,2022-01-01,2022-10-01,-2.899999999999999
TTT,2022-01-01,2022-10-01,-5.130000000000003
TTS,2022-01-01,2022-10-01,-1.0
TTP,2022-01-01,2022-10-01,3.789999999999999
TTN,2022-01-01,2022-10-01,-7.179999999999998
TTL,2022-01-01,2022-10-01,8.099999999999998
TTH,2022-01-01,2022-10-01,-3.7
TTG,2022-01-01,2022-10-01,3.999999999999999
TTF,2022-01-01,2022-10-01,-4.420000000000002
TTE,2022-01-01,2022-10-01,-3.1999999999999975
TTD,2022-01-01,2022-10-01,2.5600000000000023
TTC,2022-01-01,2022-10-01,-2.92
TTB,2022-01-01,2022-10-01,-5.8500000000000005
TTA,2022-01-01,2022-10-01,-3.2300000000000004
TT6,2022-01-01,2022-10-01,
TST,2022-01-01,2022-10-01,-0.9999999999999982
TSJ,2022-01-01,2022-10-01,4.719999999999995
TSG,2022-01-01,2022-10-01,2.75
TSD,2022-01-01,2022-10-01,-2.0999999999999996
TSC,2022-01-01,2022-10-01,2.0699999999999985
TSB,2022-01-01,2022-10-01,2.7300000000000004
TSA,2022-01-01,2022-10-01,
TS5,2022-01-01,2022-10-01,
TS4,2022-01-01,2022-10-01,-0.2999999999999998
TS3,2022-01-01,2022-10-01,-2.700000000000001
TRT,2022-01-01,2022-10-01,0
TRS,2022-01-01,2022-10-01,-2.280000000000001
TRC,2022-01-01,2022-10-01,-3.6100000000000065
TRA,2022-01-01,2022-10-01,5.269999999999996
TR1,2022-01-01,2022-10-01,3.0500000000000007
TQW,2022-01-01,2022-10-01,0
TQN,2022-01-01,2022-10-01,0
TPS,2022-01-01,2022-10-01,0
TPP,2022-01-01,2022-10-01,4.350000000000001
TPH,2022-01-01,2022-10-01,2.110000000000002
TPC,2022-01-01,2022-10-01,-0.46000000000000085
TPB,2022-01-01,2022-10-01,-1.4499999999999975
TOW,2022-01-01,2022-10-01,0
TOT,2022-01-01,2022-10-01,0.41999999999999993
TOS,2022-01-01,2022-10-01,-6.150000000000006
TOP,2022-01-01,2022-10-01,-1.0
TNW,2022-01-01,2022-10-01,-2.0
TNV,2022-01-01,2022-10-01,
TNT,2022-01-01,2022-10-01,-7.230000000000004
TNS,2022-01-01,2022-10-01,-5.7
TNP,2022-01-01,2022-10-01,3.9800000000000004
TNM,2022-01-01,2022-10-01,-4.440892098500626e-16
TNI,2022-01-01,2022-10-01,-0.3699999999999992
TNH,2022-01-01,2022-10-01,-2.0000000000000036
TNG,2022-01-01,2022-10-01,5.309999999999999
TNC,2022-01-01,2022-10-01,9.490000000000002
TNB,2022-01-01,2022-10-01,10.870000000000005
TNA,2022-01-01,2022-10-01,-5.010000000000002
TN1,2022-01-01,2022-10-01,-0.980000000000004
TMX,2022-01-01,2022-10-01,-0.08000000000000007
TMW,2022-01-01,2022-10-01,0
TMT,2022-01-01,2022-10-01,6.59
TMS,2022-01-01,2022-10-01,3.1500000000000057
TMP,2022-01-01,2022-10-01,0.8900000000000077
TMG,2022-01-01,2022-10-01,14.559999999999995
TMC,2022-01-01,2022-10-01,0.8399999999999981
TMB,2022-01-01,2022-10-01,-0.05999999999999872
TLT,2022-01-01,2022-10-01,9.18
TLP,2022-01-01,2022-10-01,1.7763568394002505e-15
TLI,2022-01-01,2022-10-01,5.7
TLH,2022-01-01,2022-10-01,-6.510000000000001
TLG,2022-01-01,2022-10-01,3.950000000000003
TLD,2022-01-01,2022-10-01,-4.079999999999999
TL4,2022-01-01,2022-10-01,-8.699999999999998
TKU,2022-01-01,2022-10-01,-2.0299999999999976
TKG,2022-01-01,2022-10-01,2.2100000000000044
TKC,2022-01-01,2022-10-01,-2.869999999999999
TKA,2022-01-01,2022-10-01,0
TJC,2022-01-01,2022-10-01,0.20000000000000107
TIX,2022-01-01,2022-10-01,1.6699999999999982
TIS,2022-01-01,2022-10-01,-2.9000000000000004
TIP,2022-01-01,2022-10-01,1.169999999999991
TIN,2022-01-01,2022-10-01,-5.300000000000001
TIG,2022-01-01,2022-10-01,1.209999999999999
TIE,2022-01-01,2022-10-01,-0.8000000000000003
TID,2022-01-01,2022-10-01,2.479999999999997
THW,2022-01-01,2022-10-01,5.349999999999999
THU,2022-01-01,2022-10-01,0
THT,2022-01-01,2022-10-01,1.3899999999999988
THS,2022-01-01,2022-10-01,40.94
THP,2022-01-01,2022-10-01,-2.309999999999997
THN,2022-01-01,2022-10-01,0
THM,2022-01-01,2022-10-01,
THI,2022-01-01,2022-10-01,1.0999999999999943
THG,2022-01-01,2022-10-01,-0.24000000000001265
THD,2022-01-01,2022-10-01,-100.64000000000003
THB,2022-01-01,2022-10-01,-1.7599999999999998
TH1,2022-01-01,2022-10-01,-3.8000000000000007
TGP,2022-01-01,2022-10-01,3.2799999999999994
TGG,2022-01-01,2022-10-01,-16.349999999999998
TFC,2022-01-01,2022-10-01,0.1899999999999995
TET,2022-01-01,2022-10-01,0
TEL,2022-01-01,2022-10-01,1.0
TEG,2022-01-01,2022-10-01,-2.7600000000000025
TED,2022-01-01,2022-10-01,2.0799999999999983
TEC,2022-01-01,2022-10-01,0
TDW,2022-01-01,2022-10-01,0.03999999999999915
TDT,2022-01-01,2022-10-01,-2.3999999999999986
TDS,2022-01-01,2022-10-01,-2.540000000000001
TDP,2022-01-01,2022-10-01,-0.8999999999999986
TDN,2022-01-01,2022-10-01,-1.1600000000000001
TDM,2022-01-01,2022-10-01,0.6699999999999946
TDI,2022-01-01,2022-10-01,
TDH,2022-01-01,2022-10-01,-4.74
TDG,2022-01-01,2022-10-01,-2.929999999999999
TDF,2022-01-01,2022-10-01,-6.790000000000003
TDC,2022-01-01,2022-10-01,-3.4599999999999973
TDB,2022-01-01,2022-10-01,10.539999999999996
TCW,2022-01-01,2022-10-01,-0.05999999999999872
TCT,2022-01-01,2022-10-01,-2.819999999999993
TCR,2022-01-01,2022-10-01,-2.7299999999999995
TCO,2022-01-01,2022-10-01,-5.620000000000001
TCM,2022-01-01,2022-10-01,-3.549999999999997
TCL,2022-01-01,2022-10-01,-1.0800000000000018
TCK,2022-01-01,2022-10-01,0
TCJ,2022-01-01,2022-10-01,0
TCI,2022-01-01,2022-10-01,-4.110000000000003
TCH,2022-01-01,2022-10-01,-6.600000000000001
TCD,2022-01-01,2022-10-01,-9.870000000000001
TCB,2022-01-01,2022-10-01,-5.299999999999997
TC6,2022-01-01,2022-10-01,-2.09
TBX,2022-01-01,2022-10-01,0
TBW,2022-01-01,2022-10-01,
TBT,2022-01-01,2022-10-01,0.7999999999999998
TBR,2022-01-01,2022-10-01,0.08999999999999986
TBH,2022-01-01,2022-10-01,6.900000000000006
TBD,2022-01-01,2022-10-01,10.620000000000005
TBC,2022-01-01,2022-10-01,-0.4399999999999942
TB8,2022-01-01,2022-10-01,0
TAW,2022-01-01,2022-10-01,4.450000000000001
TAR,2022-01-01,2022-10-01,-0.6400000000000006
TAP,2022-01-01,2022-10-01,0
TAN,2022-01-01,2022-10-01,0
TAL,2022-01-01,2022-10-01,
TAG,2022-01-01,2022-10-01,0
TAC,2022-01-01,2022-10-01,
TAB,2022-01-01,2022-10-01,
TA9,2022-01-01,2022-10-01,0.3100000000000005
TA6,2022-01-01,2022-10-01,-0.09999999999999964
TA3,2022-01-01,2022-10-01,2.0700000000000003
T12,2022-01-01,2022-10-01,
SZL,2022-01-01,2022-10-01,-6.229999999999993
SZG,2022-01-01,2022-10-01,0.41999999999999105
SZE,2022-01-01,2022-10-01,1.0899999999999999
SZC,2022-01-01,2022-10-01,-3.79999999999999
SZB,2022-01-01,2022-10-01,1.5799999999999947
SWC,2022-01-01,2022-10-01,-5.9999999999999964
SVT,2022-01-01,2022-10-01,-1.7799999999999994
SVN,2022-01-01,2022-10-01,0.09999999999999964
SVL,2022-01-01,2022-10-01,
SVI,2022-01-01,2022-10-01,-3.8400000000000034
SVH,2022-01-01,2022-10-01,0
SVG,2022-01-01,2022-10-01,-7.5
SVD,2022-01-01,2022-10-01,-5.63
SVC,2022-01-01,2022-10-01,-1.5800000000000054
STW,2022-01-01,2022-10-01,0
STT,2022-01-01,2022-10-01,-4.8
STS,2022-01-01,2022-10-01,0
STP,2022-01-01,2022-10-01,-0.9199999999999999
STL,2022-01-01,2022-10-01,-1.5
STK,2022-01-01,2022-10-01,-2.710000000000001
STH,2022-01-01,2022-10-01,-1.0000000000000018
STG,2022-01-01,2022-10-01,-4.599999999999994
STC,2022-01-01,2022-10-01,0.7000000000000028
STB,2022-01-01,2022-10-01,-10.650000000000006
ST8,2022-01-01,2022-10-01,1.4000000000000004
SSU,2022-01-01,2022-10-01,0.10000000000000009
SSN,2022-01-01,2022-10-01,-2.2
SSM,2022-01-01,2022-10-01,-0.4999999999999991
SSI,2022-01-01,2022-10-01,-3.6500000000000004
SSH,2022-01-01,2022-10-01,-20.30000000000001
SSG,2022-01-01,2022-10-01,-0.30000000000000027
SSF,2022-01-01,2022-10-01,2.500000000000001
SSC,2022-01-01,2022-10-01,7.039999999999996
SSB,2022-01-01,2022-10-01,1.8200000000000003
SRT,2022-01-01,2022-10-01,-1.0999999999999996
SRF,2022-01-01,2022-10-01,-6.099999999999998
SRC,2022-01-01,2022-10-01,-1.7200000000000006
SRB,2022-01-01,2022-10-01,-2.9
SRA,2022-01-01,2022-10-01,0.6000000000000005
SQC,2022-01-01,2022-10-01,-8.799999999999995
SPV,2022-01-01,2022-10-01,0.7099999999999991
SPP,2022-01-01,2022-10-01,-0.19999999999999996
SPM,2022-01-01,2022-10-01,-0.13000000000000256
SPI,2022-01-01,2022-10-01,-5.200000000000001
SPH,2022-01-01,2022-10-01,5.5
SPD,2022-01-01,2022-10-01,1.299999999999999
SPC,2022-01-01,2022-10-01,-1.8299999999999983
SPB,2022-01-01,2022-10-01,-1.5399999999999991
SPA,2022-01-01,2022-10-01,-2.1999999999999993
SP2,2022-01-01,2022-10-01,4.999999999999998
SON,2022-01-01,2022-10-01,
SNZ,2022-01-01,2022-10-01,-15.360000000000007
SNC,2022-01-01,2022-10-01,1.5500000000000007
SMT,2022-01-01,2022-10-01,3.0
SMN,2022-01-01,2022-10-01,0.15000000000000036
SMC,2022-01-01,2022-10-01,-7.399999999999999
SMB,2022-01-01,2022-10-01,2.3200000000000003
SMA,2022-01-01,2022-10-01,-2.09
SLS,2022-01-01,2022-10-01,2.240000000000009
SKV,2022-01-01,2022-10-01,1.8000000000000007
SKN,2022-01-01,2022-10-01,4.3199999999999985
SKH,2022-01-01,2022-10-01,-0.020000000000003126
SKG,2022-01-01,2022-10-01,0.9500000000000064
SJS,2022-01-01,2022-10-01,1.2999999999999972
SJM,2022-01-01,2022-10-01,-0.20000000000000107
SJG,2022-01-01,2022-10-01,-3.1600000000000037
SJF,2022-01-01,2022-10-01,-4.740000000000001
SJE,2022-01-01,2022-10-01,-0.05999999999999872
SJD,2022-01-01,2022-10-01,0.5099999999999998
SJC,2022-01-01,2022-10-01,-1.6
SJ1,2022-01-01,2022-10-01,0.7999999999999989
SIV,2022-01-01,2022-10-01,-0.14000000000000057
SIP,2022-01-01,2022-10-01,-9.600000000000001
SII,2022-01-01,2022-10-01,4.5500000000000025
SIG,2022-01-01,2022-10-01,1.0000000000000018
SID,2022-01-01,2022-10-01,-1.3000000000000007
SIC,2022-01-01,2022-10-01,2.500000000000007
SHX,2022-01-01,2022-10-01,0
SHS,2022-01-01,2022-10-01,-2.509999999999998
SHP,2022-01-01,2022-10-01,0.3200000000000003
SHN,2022-01-01,2022-10-01,-7.700000000000001
SHI,2022-01-01,2022-10-01,-0.5700000000000021
SHG,2022-01-01,2022-10-01,-0.30000000000000027
SHE,2022-01-01,2022-10-01,-2.7700000000000014
SHC,2022-01-01,2022-10-01,-2.2499999999999982
SHB,2022-01-01,2022-10-01,-5.119999999999999
SHA,2022-01-01,2022-10-01,-1.6799999999999997
SGT,2022-01-01,2022-10-01,2.3100000000000023
SGS,2022-01-01,2022-10-01,-0.8000000000000007
SGR,2022-01-01,2022-10-01,-4.359999999999999
SGP,2022-01-01,2022-10-01,-5.899999999999999
SGO,2022-01-01,2022-10-01,-0.7
SGN,2022-01-01,2022-10-01,8.240000000000002
SGI,2022-01-01,2022-10-01,-5.6200000000000045
SGH,2022-01-01,2022-10-01,-17.99
SGD,2022-01-01,2022-10-01,13.490000000000002
SGC,2022-01-01,2022-10-01,15.440000000000012
SGB,2022-01-01,2022-10-01,-2.539999999999999
SFN,2022-01-01,2022-10-01,5.619999999999997
SFI,2022-01-01,2022-10-01,-0.5599999999999952
SFG,2022-01-01,2022-10-01,2.040000000000001
SFC,2022-01-01,2022-10-01,-0.4400000000000013
SEP,2022-01-01,2022-10-01,2.41
SED,2022-01-01,2022-10-01,-1.990000000000002
SEB,2022-01-01,2022-10-01,25.61999999999999
SEA,2022-01-01,2022-10-01,-14.549999999999997
SDY,2022-01-01,2022-10-01,-0.39999999999999947
SDX,2022-01-01,2022-10-01,-0.20000000000000018
SDV,2022-01-01,2022-10-01,0.740000000000002
SDU,2022-01-01,2022-10-01,13.899999999999995
SDT,2022-01-01,2022-10-01,-0.8200000000000003
SDP,2022-01-01,2022-10-01,-3.8
SDN,2022-01-01,2022-10-01,1.860000000000003
SDK,2022-01-01,2022-10-01,4.720000000000002
SDJ,2022-01-01,2022-10-01,-3.1999999999999993
SDH,2022-01-01,2022-10-01,-0.6999999999999997
SDG,2022-01-01,2022-10-01,12.91
SDD,2022-01-01,2022-10-01,-4.200000000000001
SDC,2022-01-01,2022-10-01,-0.7599999999999989
SDB,2022-01-01,2022-10-01,-0.9000000000000001
SDA,2022-01-01,2022-10-01,-11.800000000000006
SD9,2022-01-01,2022-10-01,-1.1099999999999994
SD8,2022-01-01,2022-10-01,-0.20000000000000018
SD7,2022-01-01,2022-10-01,-2.000000000000001
SD6,2022-01-01,2022-10-01,-0.20000000000000018
SD5,2022-01-01,2022-10-01,-0.17000000000000082
SD4,2022-01-01,2022-10-01,1.3322676295501878e-15
SD3,2022-01-01,2022-10-01,-2.1999999999999993
SD2,2022-01-01,2022-10-01,-4.27
SD1,2022-01-01,2022-10-01,-1.7000000000000004
SCY,2022-01-01,2022-10-01,0
SCV,2022-01-01,2022-10-01,0
SCS,2022-01-01,2022-10-01,3.799999999999997
SCR,2022-01-01,2022-10-01,-5.41
SCO,2022-01-01,2022-10-01,-2.5
SCL,2022-01-01,2022-10-01,-1.75
SCJ,2022-01-01,2022-10-01,-7.6
SCI,2022-01-01,2022-10-01,-12.239999999999997
SCG,2022-01-01,2022-10-01,-9.299999999999997
SCD,2022-01-01,2022-10-01,-0.8999999999999986
SCC,2022-01-01,2022-10-01,-2.0999999999999996
SCA,2022-01-01,2022-10-01,0
SC5,2022-01-01,2022-10-01,-0.75
SBV,2022-01-01,2022-10-01,0.33999999999999986
SBT,2022-01-01,2022-10-01,-1.6300000000000008
SBS,2022-01-01,2022-10-01,1.9000000000000004
SBR,2022-01-01,2022-10-01,1.5
SBM,2022-01-01,2022-10-01,1.3999999999999986
SBL,2022-01-01,2022-10-01,-1.8200000000000003
SBH,2022-01-01,2022-10-01,-1.5200000000000031
SBG,2022-01-01,2022-10-01,
SBD,2022-01-01,2022-10-01,-2.5600000000000005
SBB,2022-01-01,2022-10-01,
SBA,2022-01-01,2022-10-01,0.8499999999999996
SB1,2022-01-01,2022-10-01,-2.0199999999999996
SAV,2022-01-01,2022-10-01,0.33000000000000007
SAS,2022-01-01,2022-10-01,-0.4200000000000017
SAP,2022-01-01,2022-10-01,0
SAM,2022-01-01,2022-10-01,1.3400000000000016
SAL,2022-01-01,2022-10-01,0
SAF,2022-01-01,2022-10-01,3.1399999999999935
SAC,2022-01-01,2022-10-01,-0.6200000000000019
SAB,2022-01-01,2022-10-01,14.670000000000002
S99,2022-01-01,2022-10-01,-2.54
S96,2022-01-01,2022-10-01,-0.7999999999999999
S74,2022-01-01,2022-10-01,-0.5999999999999996
S72,2022-01-01,2022-10-01,-2.000000000000001
S55,2022-01-01,2022-10-01,9.330000000000005
S4A,2022-01-01,2022-10-01,-0.379999999999999
S27,2022-01-01,2022-10-01,-4.8
S12,2022-01-01,2022-10-01,-0.10000000000000053
RYG,2022-01-01,2022-10-01,
RTB,2022-01-01,2022-10-01,-0.0799999999999983
ROS,2022-01-01,2022-10-01,-4.020000000000001
RIC,2022-01-01,2022-10-01,1.900000000000004
RGC,2022-01-01,2022-10-01,7.700000000000001
REE,2022-01-01,2022-10-01,5.510000000000005
RDP,2022-01-01,2022-10-01,0.16999999999999815
RCL,2022-01-01,2022-10-01,0.6000000000000014
RCD,2022-01-01,2022-10-01,-0.5999999999999996
RCC,2022-01-01,2022-10-01,-0.4499999999999993
RBC,2022-01-01,2022-10-01,0
RAT,2022-01-01,2022-10-01,4.460000000000001
RAL,2022-01-01,2022-10-01,-5.720000000000013
QTP,2022-01-01,2022-10-01,0.9299999999999979
QTC,2022-01-01,2022-10-01,1.5399999999999991
QST,2022-01-01,2022-10-01,-0.27999999999999936
QSP,2022-01-01,2022-10-01,-2.1899999999999977
QPH,2022-01-01,2022-10-01,-3.560000000000006
QNW,2022-01-01,2022-10-01,0
QNU,2022-01-01,2022-10-01,-1.7699999999999996
QNT,2022-01-01,2022-10-01,-1.9999999999999991
QNS,2022-01-01,2022-10-01,2.25
QNP,2022-01-01,2022-10-01,
QNC,2022-01-01,2022-10-01,-4.4
QLT,2022-01-01,2022-10-01,-5.279999999999998
QLD,2022-01-01,2022-10-01,0
QHW,2022-01-01,2022-10-01,-6.440000000000005
QHD,2022-01-01,2022-10-01,3.819999999999993
QCG,2022-01-01,2022-10-01,-3.0200000000000005
QCC,2022-01-01,2022-10-01,1.1800000000000015
QBS,2022-01-01,2022-10-01,-0.6099999999999999
PYU,2022-01-01,2022-10-01,
PXT,2022-01-01,2022-10-01,-2.199999999999998
PXS,2022-01-01,2022-10-01,-5.850000000000001
PXM,2022-01-01,2022-10-01,-1.3
PXL,2022-01-01,2022-10-01,-2.4000000000000004
PXI,2022-01-01,2022-10-01,-2.1799999999999997
PXC,2022-01-01,2022-10-01,0
PXA,2022-01-01,2022-10-01,-1.4
PX1,2022-01-01,2022-10-01,0
PWS,2022-01-01,2022-10-01,0.40000000000000036
PWA,2022-01-01,2022-10-01,-5.9
PVY,2022-01-01,2022-10-01,-1.5000000000000002
PVX,2022-01-01,2022-10-01,-0.6000000000000001
PVV,2022-01-01,2022-10-01,-0.10000000000000009
PVT,2022-01-01,2022-10-01,-0.3099999999999987
PVS,2022-01-01,2022-10-01,-11.650000000000002
PVR,2022-01-01,2022-10-01,-2.7
PVP,2022-01-01,2022-10-01,-2.8400000000000016
PVO,2022-01-01,2022-10-01,-3.1999999999999993
PVM,2022-01-01,2022-10-01,-5.720000000000002
PVL,2022-01-01,2022-10-01,3.000000000000001
PVI,2022-01-01,2022-10-01,-4.359999999999999
PVH,2022-01-01,2022-10-01,-1.8000000000000003
PVG,2022-01-01,2022-10-01,1.5299999999999994
PVE,2022-01-01,2022-10-01,0.6999999999999993
PVD,2022-01-01,2022-10-01,-2.8900000000000006
PVC,2022-01-01,2022-10-01,10.86
PVB,2022-01-01,2022-10-01,-7.1999999999999975
PVA,2022-01-01,2022-10-01,-0.6000000000000003
PV2,2022-01-01,2022-10-01,-3.6999999999999997
PTX,2022-01-01,2022-10-01,0
PTV,2022-01-01,2022-10-01,4.1
PTT,2022-01-01,2022-10-01,-4.169999999999999
PTS,2022-01-01,2022-10-01,0.9600000000000009
PTP,2022-01-01,2022-10-01,0.5199999999999996
PTO,2022-01-01,2022-10-01,-2.1600000000000037
PTN,2022-01-01,2022-10-01,
PTL,2022-01-01,2022-10-01,-0.5599999999999996
PTI,2022-01-01,2022-10-01,4.200000000000003
PTH,2022-01-01,2022-10-01,4.299999999999999
PTG,2022-01-01,2022-10-01,0
PTE,2022-01-01,2022-10-01,-4.440892098500626e-16
PTD,2022-01-01,2022-10-01,-2.429999999999999
PTC,2022-01-01,2022-10-01,-12.759999999999998
PTB,2022-01-01,2022-10-01,8.599999999999987
PSW,2022-01-01,2022-10-01,-0.26000000000000156
PSP,2022-01-01,2022-10-01,-0.1899999999999995
PSN,2022-01-01,2022-10-01,1.6600000000000001
PSL,2022-01-01,2022-10-01,0.6300000000000061
PSI,2022-01-01,2022-10-01,-4.200000000000001
PSH,2022-01-01,2022-10-01,-8.460000000000003
PSG,2022-01-01,2022-10-01,-3.3
PSE,2022-01-01,2022-10-01,0.28999999999999915
PSD,2022-01-01,2022-10-01,-2.7499999999999964
PSC,2022-01-01,2022-10-01,3.2699999999999996
PSB,2022-01-01,2022-10-01,-2.0
PRT,2022-01-01,2022-10-01,-7.950000000000001
PRO,2022-01-01,2022-10-01,-1.7000000000000002
PRE,2022-01-01,2022-10-01,-0.9399999999999995
PRC,2022-01-01,2022-10-01,0.17999999999999972
PQN,2022-01-01,2022-10-01,0
PPY,2022-01-01,2022-10-01,-5.5600000000000005
PPT,2022-01-01,2022-10-01,1.5399999999999991
PPS,2022-01-01,2022-10-01,-0.07000000000000028
PPP,2022-01-01,2022-10-01,-0.7299999999999986
PPI,2022-01-01,2022-10-01,-0.30000000000000027
PPH,2022-01-01,2022-10-01,0.4399999999999977
PPE,2022-01-01,2022-10-01,2.8999999999999986
PPC,2022-01-01,2022-10-01,-0.4399999999999977
POW,2022-01-01,2022-10-01,-4.35
POV,2022-01-01,2022-10-01,-3.139999999999999
POT,2022-01-01,2022-10-01,17.60000000000001
POS,2022-01-01,2022-10-01,-2.099999999999998
POM,2022-01-01,2022-10-01,-6.29
POB,2022-01-01,2022-10-01,-21.340000000000003
PNT,2022-01-01,2022-10-01,-0.17000000000000082
PNP,2022-01-01,2022-10-01,-0.07000000000000028
PNJ,2022-01-01,2022-10-01,20.080000000000013
PNG,2022-01-01,2022-10-01,8.6
PND,2022-01-01,2022-10-01,5.499999999999998
PNC,2022-01-01,2022-10-01,0.4300000000000015
PMW,2022-01-01,2022-10-01,5.510000000000002
PMT,2022-01-01,2022-10-01,2.0600000000000023
PMS,2022-01-01,2022-10-01,1.4400000000000013
PMP,2022-01-01,2022-10-01,12.23
PMJ,2022-01-01,2022-10-01,0.240000000000002
PMG,2022-01-01,2022-10-01,-0.24999999999999645
PMC,2022-01-01,2022-10-01,2.220000000000006
PMB,2022-01-01,2022-10-01,-3.2300000000000004
PLX,2022-01-01,2022-10-01,-10.89
PLP,2022-01-01,2022-10-01,-7.209999999999998
PLO,2022-01-01,2022-10-01,-1.0000000000000004
PLE,2022-01-01,2022-10-01,0
PLC,2022-01-01,2022-10-01,4.159999999999993
PLA,2022-01-01,2022-10-01,-1.5
PJT,2022-01-01,2022-10-01,-0.5099999999999998
PJS,2022-01-01,2022-10-01,-3.8100000000000005
PJC,2022-01-01,2022-10-01,3.0599999999999987
PIV,2022-01-01,2022-10-01,-0.3999999999999999
PIT,2022-01-01,2022-10-01,-3.1500000000000004
PIS,2022-01-01,2022-10-01,1.4900000000000002
PID,2022-01-01,2022-10-01,-0.7000000000000002
PIC,2022-01-01,2022-10-01,1.0199999999999996
PIA,2022-01-01,2022-10-01,3.469999999999999
PHS,2022-01-01,2022-10-01,3.830000000000007
PHR,2022-01-01,2022-10-01,5.089999999999996
PHP,2022-01-01,2022-10-01,-4.73
PHN,2022-01-01,2022-10-01,-4.050000000000001
PHH,2022-01-01,2022-10-01,1.4000000000000004
PHC,2022-01-01,2022-10-01,-1.2999999999999998
PGV,2022-01-01,2022-10-01,-7.890000000000004
PGT,2022-01-01,2022-10-01,-2.1000000000000014
PGS,2022-01-01,2022-10-01,3.2900000000000027
PGN,2022-01-01,2022-10-01,-0.6999999999999993
PGI,2022-01-01,2022-10-01,0.9200000000000017
PGD,2022-01-01,2022-10-01,-0.13999999999999702
PGC,2022-01-01,2022-10-01,1.1900000000000013
PGB,2022-01-01,2022-10-01,6.199999999999999
PFL,2022-01-01,2022-10-01,-1.700000000000001
PET,2022-01-01,2022-10-01,-10.59000000000001
PEQ,2022-01-01,2022-10-01,1.230000000000004
PEN,2022-01-01,2022-10-01,1.7763568394002505e-15
PEG,2022-01-01,2022-10-01,-3.799999999999999
PEC,2022-01-01,2022-10-01,-0.6000000000000005
PDV,2022-01-01,2022-10-01,-1.2500000000000018
PDT,2022-01-01,2022-10-01,
PDR,2022-01-01,2022-10-01,-6.849999999999994
PDN,2022-01-01,2022-10-01,22.83999999999999
PDC,2022-01-01,2022-10-01,5.100000000000001
PDB,2022-01-01,2022-10-01,0.40999999999999837
PCT,2022-01-01,2022-10-01,0.17999999999999972
PCN,2022-01-01,2022-10-01,0.09999999999999964
PCM,2022-01-01,2022-10-01,6.0
PCH,2022-01-01,2022-10-01,0
PCG,2022-01-01,2022-10-01,-2.8
PCF,2022-01-01,2022-10-01,-0.10000000000000053
PCE,2022-01-01,2022-10-01,-1.5600000000000023
PCC,2022-01-01,2022-10-01,0.8200000000000003
PC1,2022-01-01,2022-10-01,-4.099999999999998
PBT,2022-01-01,2022-10-01,0.35999999999999943
PBP,2022-01-01,2022-10-01,6.220000000000002
PBC,2022-01-01,2022-10-01,1.2899999999999991
PAT,2022-01-01,2022-10-01,-3.25
PAS,2022-01-01,2022-10-01,-14.6
PAP,2022-01-01,2022-10-01,7.899999999999999
PAN,2022-01-01,2022-10-01,1.5999999999999943
PAI,2022-01-01,2022-10-01,0
PAC,2022-01-01,2022-10-01,1.1900000000000013
ORS,2022-01-01,2022-10-01,0.6100000000000012
OPC,2022-01-01,2022-10-01,1.0599999999999987
ONW,2022-01-01,2022-10-01,-1.8999999999999995
ONE,2022-01-01,2022-10-01,-0.370000000000001
OIL,2022-01-01,2022-10-01,-2.8599999999999994
OGC,2022-01-01,2022-10-01,-2.75
ODE,2022-01-01,2022-10-01,-9.100000000000001
OCH,2022-01-01,2022-10-01,-4.8
OCB,2022-01-01,2022-10-01,-5.02
NXT,2022-01-01,2022-10-01,7.23
NWT,2022-01-01,2022-10-01,0
NVT,2022-01-01,2022-10-01,1.6999999999999993
NVP,2022-01-01,2022-10-01,0
NVL,2022-01-01,2022-10-01,-2.5
NVB,2022-01-01,2022-10-01,-5.199999999999996
NUE,2022-01-01,2022-10-01,-0.5800000000000001
NTW,2022-01-01,2022-10-01,1.469999999999997
NTT,2022-01-01,2022-10-01,1.0
NTP,2022-01-01,2022-10-01,-13.61
NTL,2022-01-01,2022-10-01,-0.620000000000001
NTH,2022-01-01,2022-10-01,1.9100000000000037
NTF,2022-01-01,2022-10-01,0
NTC,2022-01-01,2022-10-01,-2.2499999999999716
NTB,2022-01-01,2022-10-01,-0.6000000000000001
NT2,2022-01-01,2022-10-01,4.980000000000004
NST,2022-01-01,2022-10-01,-2.420000000000001
NSS,2022-01-01,2022-10-01,0
NSL,2022-01-01,2022-10-01,-0.8600000000000012
NSH,2022-01-01,2022-10-01,-1.6999999999999993
NSG,2022-01-01,2022-10-01,0
NSC,2022-01-01,2022-10-01,-3.6300000000000097
NS3,2022-01-01,2022-10-01,0
NS2,2022-01-01,2022-10-01,0.39000000000000057
NRC,2022-01-01,2022-10-01,-1.4200000000000053
NQT,2022-01-01,2022-10-01,0
NQN,2022-01-01,2022-10-01,5.289999999999997
NQB,2022-01-01,2022-10-01,0
NOS,2022-01-01,2022-10-01,-1.6
NO1,2022-01-01,2022-10-01,
NNT,2022-01-01,2022-10-01,5.690000000000001
NNQ,2022-01-01,2022-10-01,
NNG,2022-01-01,2022-10-01,-0.5999999999999979
NNC,2022-01-01,2022-10-01,-8.39
NLS,2022-01-01,2022-10-01,0
NLG,2022-01-01,2022-10-01,-9.120000000000005
NKG,2022-01-01,2022-10-01,-4.079999999999998
NJC,2022-01-01,2022-10-01,4.470000000000001
NHV,2022-01-01,2022-10-01,6.3899999999999935
NHT,2022-01-01,2022-10-01,-4.560000000000002
NHP,2022-01-01,2022-10-01,0.09999999999999987
NHH,2022-01-01,2022-10-01,-5.549999999999999
NHC,2022-01-01,2022-10-01,5.8700000000000045
NHA,2022-01-01,2022-10-01,-38.7
NGC,2022-01-01,2022-10-01,-1.5999999999999996
NFC,2022-01-01,2022-10-01,3.7799999999999976
NET,2022-01-01,2022-10-01,-5.359999999999999
NEM,2022-01-01,2022-10-01,
NED,2022-01-01,2022-10-01,0.7999999999999998
NDX,2022-01-01,2022-10-01,-1.2599999999999998
NDW,2022-01-01,2022-10-01,0
NDT,2022-01-01,2022-10-01,-4.670000000000005
NDP,2022-01-01,2022-10-01,0.36999999999999744
NDN,2022-01-01,2022-10-01,-4.300000000000001
NDF,2022-01-01,2022-10-01,-0.3999999999999999
NDC,2022-01-01,2022-10-01,25.620000000000005
ND2,2022-01-01,2022-10-01,0.05999999999999872
NCT,2022-01-01,2022-10-01,6.430000000000007
NCS,2022-01-01,2022-10-01,-2.9900000000000055
NCG,2022-01-01,2022-10-01,
NBW,2022-01-01,2022-10-01,12.829999999999998
NBT,2022-01-01,2022-10-01,-0.2599999999999998
NBP,2022-01-01,2022-10-01,1.6699999999999982
NBE,2022-01-01,2022-10-01,1.2400000000000002
NBC,2022-01-01,2022-10-01,4.98
NBB,2022-01-01,2022-10-01,7.6999999999999975
NAW,2022-01-01,2022-10-01,3.87
NAV,2022-01-01,2022-10-01,-3.3900000000000023
NAU,2022-01-01,2022-10-01,1.3200000000000012
NAS,2022-01-01,2022-10-01,7.699999999999999
NAP,2022-01-01,2022-10-01,1.75
NAG,2022-01-01,2022-10-01,1.42
NAF,2022-01-01,2022-10-01,-1.5399999999999991
NAC,2022-01-01,2022-10-01,0
NAB,2022-01-01,2022-10-01,-0.6000000000000014
MZG,2022-01-01,2022-10-01,
MXC,2022-01-01,2022-10-01,
MWG,2022-01-01,2022-10-01,-2.3900000000000006
MVN,2022-01-01,2022-10-01,-7.689999999999998
MVC,2022-01-01,2022-10-01,-2.0500000000000016
MVB,2022-01-01,2022-10-01,-5.399999999999999
MTX,2022-01-01,2022-10-01,
MTV,2022-01-01,2022-10-01,2.5
MTS,2022-01-01,2022-10-01,-0.7200000000000024
MTP,2022-01-01,2022-10-01,-1.3499999999999996
MTL,2022-01-01,2022-10-01,-0.10000000000000142
MTH,2022-01-01,2022-10-01,4.359999999999999
MTG,2022-01-01,2022-10-01,-3.4000000000000004
MTC,2022-01-01,2022-10-01,3.700000000000001
MTB,2022-01-01,2022-10-01,-1.6500000000000004
MTA,2022-01-01,2022-10-01,-4.019999999999999
MST,2022-01-01,2022-10-01,-4.1899999999999995
MSR,2022-01-01,2022-10-01,-5.300000000000001
MSN,2022-01-01,2022-10-01,5.920000000000016
MSH,2022-01-01,2022-10-01,-3.700000000000003
MSB,2022-01-01,2022-10-01,-1.3899999999999988
MRF,2022-01-01,2022-10-01,2.0599999999999987
MQN,2022-01-01,2022-10-01,2.4499999999999993
MQB,2022-01-01,2022-10-01,0
MPY,2022-01-01,2022-10-01,0
MPT,2022-01-01,2022-10-01,-1.4
MPC,2022-01-01,2022-10-01,3.3000000000000007
MND,2022-01-01,2022-10-01,0
MNB,2022-01-01,2022-10-01,4.189999999999998
MML,2022-01-01,2022-10-01,-15.099999999999987
MLS,2022-01-01,2022-10-01,-5.100000000000001
MLC,2022-01-01,2022-10-01,0
MKV,2022-01-01,2022-10-01,-2.6300000000000026
MKP,2022-01-01,2022-10-01,6.790000000000013
MIM,2022-01-01,2022-10-01,0.6999999999999993
MIG,2022-01-01,2022-10-01,0.5199999999999996
MIE,2022-01-01,2022-10-01,1.8000000000000007
MIC,2022-01-01,2022-10-01,2.9000000000000004
MHL,2022-01-01,2022-10-01,0.40000000000000036
MHC,2022-01-01,2022-10-01,0.9299999999999997
MH3,2022-01-01,2022-10-01,-11.25
MGR,2022-01-01,2022-10-01,3.099999999999998
MGG,2022-01-01,2022-10-01,0.8399999999999999
MGC,2022-01-01,2022-10-01,-0.01000000000000334
MFS,2022-01-01,2022-10-01,0.620000000000001
MES,2022-01-01,2022-10-01,0
MEL,2022-01-01,2022-10-01,-2.969999999999999
MEG,2022-01-01,2022-10-01,
MEF,2022-01-01,2022-10-01,0
MED,2022-01-01,2022-10-01,-4.040000000000003
MEC,2022-01-01,2022-10-01,-1.7000000000000002
MDG,2022-01-01,2022-10-01,1.3799999999999972
MDF,2022-01-01,2022-10-01,-1.009999999999998
MDC,2022-01-01,2022-10-01,-3.1899999999999995
MDA,2022-01-01,2022-10-01,0
MCP,2022-01-01,2022-10-01,-3.2600000000000016
MCO,2022-01-01,2022-10-01,-3.7
MCM,2022-01-01,2022-10-01,-6.640000000000001
MCI,2022-01-01,2022-10-01,0
MCH,2022-01-01,2022-10-01,-3.3900000000000006
MCG,2022-01-01,2022-10-01,-2.6700000000000013
MCF,2022-01-01,2022-10-01,-1.6700000000000008
MCD,2022-01-01,2022-10-01,
MCC,2022-01-01,2022-10-01,0.22999999999999865
MC3,2022-01-01,2022-10-01,0
MBT,2022-01-01,2022-10-01,
MBS,2022-01-01,2022-10-01,-2.120000000000001
MBN,2022-01-01,2022-10-01,0
MBG,2022-01-01,2022-10-01,-5.239999999999999
MBB,2022-01-01,2022-10-01,0.3600000000000012
MAS,2022-01-01,2022-10-01,-8.799999999999997
MAC,2022-01-01,2022-10-01,-2.0
MA1,2022-01-01,2022-10-01,8.33
M10,2022-01-01,2022-10-01,0.45000000000000284
LYF,2022-01-01,2022-10-01,0
LWS,2022-01-01,2022-10-01,-2.41
LUT,2022-01-01,2022-10-01,-2.500000000000001
LTG,2022-01-01,2022-10-01,0.5300000000000011
LTC,2022-01-01,2022-10-01,-1.1999999999999993
LSS,2022-01-01,2022-10-01,1.0900000000000007
LSG,2022-01-01,2022-10-01,-0.09999999999999876
LQN,2022-01-01,2022-10-01,0
LPT,2022-01-01,2022-10-01,0.8200000000000003
LPB,2022-01-01,2022-10-01,-2.1700000000000026
LO5,2022-01-01,2022-10-01,0.20000000000000018
LNC,2022-01-01,2022-10-01,0
LMI,2022-01-01,2022-10-01,-1.2599999999999998
LMH,2022-01-01,2022-10-01,-0.7999999999999989
LMC,2022-01-01,2022-10-01,0
LM8,2022-01-01,2022-10-01,-2.3200000000000003
LM7,2022-01-01,2022-10-01,-0.4000000000000008
LM3,2022-01-01,2022-10-01,0.7000000000000002
LLM,2022-01-01,2022-10-01,-3.24
LKW,2022-01-01,2022-10-01,2.3400000000000034
LIX,2022-01-01,2022-10-01,-0.23999999999999844
LIG,2022-01-01,2022-10-01,-4.7
LIC,2022-01-01,2022-10-01,-28.1
LHG,2022-01-01,2022-10-01,-0.07000000000000384
LHC,2022-01-01,2022-10-01,12.420000000000009
LGM,2022-01-01,2022-10-01,19.699999999999996
LGL,2022-01-01,2022-10-01,0.10999999999999854
LGC,2022-01-01,2022-10-01,5.510000000000005
LG9,2022-01-01,2022-10-01,-3.3000000000000007
LEC,2022-01-01,2022-10-01,-1.6499999999999986
LDW,2022-01-01,2022-10-01,0
LDP,2022-01-01,2022-10-01,-31.2
LDG,2022-01-01,2022-10-01,-3.799999999999997
LCW,2022-01-01,2022-10-01,0
LCS,2022-01-01,2022-10-01,-1.7999999999999998
LCM,2022-01-01,2022-10-01,-2.8600000000000008
LCG,2022-01-01,2022-10-01,-2.9099999999999984
LCD,2022-01-01,2022-10-01,0
LCC,2022-01-01,2022-10-01,0
LBM,2022-01-01,2022-10-01,3.469999999999999
LBE,2022-01-01,2022-10-01,-2.5900000000000016
LBC,2022-01-01,2022-10-01,2.4000000000000004
LAW,2022-01-01,2022-10-01,0
LAS,2022-01-01,2022-10-01,-3.070000000000002
LAI,2022-01-01,2022-10-01,9.000000000000002
LAF,2022-01-01,2022-10-01,-2.4799999999999933
L63,2022-01-01,2022-10-01,-0.40000000000000036
L62,2022-01-01,2022-10-01,-0.6999999999999993
L61,2022-01-01,2022-10-01,2.0000000000000018
L45,2022-01-01,2022-10-01,-0.8999999999999999
L44,2022-01-01,2022-10-01,-0.6000000000000003
L43,2022-01-01,2022-10-01,-3.799999999999999
L40,2022-01-01,2022-10-01,12.699999999999992
L35,2022-01-01,2022-10-01,0.5
L18,2022-01-01,2022-10-01,-6.6200000000000045
L14,2022-01-01,2022-10-01,-124.70000000000002
L12,2022-01-01,2022-10-01,-6.000000000000001
L10,2022-01-01,2022-10-01,3.6700000000000017
KWA,2022-01-01,2022-10-01,
KVC,2022-01-01,2022-10-01,-3.8
KTW,2022-01-01,2022-10-01,
KTT,2022-01-01,2022-10-01,-6.700000000000001
KTS,2022-01-01,2022-10-01,-2.6899999999999977
KTL,2022-01-01,2022-10-01,16.400000000000002
KTC,2022-01-01,2022-10-01,-0.009999999999997122
KSV,2022-01-01,2022-10-01,-2.770000000000003
KST,2022-01-01,2022-10-01,0.5
KSQ,2022-01-01,2022-10-01,-3.9
KSH,2022-01-01,2022-10-01,-3.2
KSF,2022-01-01,2022-10-01,-21.59999999999998
KSD,2022-01-01,2022-10-01,0.0
KSB,2022-01-01,2022-10-01,-1.4400000000000013
KPF,2022-01-01,2022-10-01,5.25
KOS,2022-01-01,2022-10-01,-1.0999999999999943
KMT,2022-01-01,2022-10-01,-0.08000000000000007
KMR,2022-01-01,2022-10-01,0.10999999999999943
KLM,2022-01-01,2022-10-01,0
KLF,2022-01-01,2022-10-01,-2.6
KLB,2022-01-01,2022-10-01,-9.299999999999997
KKC,2022-01-01,2022-10-01,-7.9
KIP,2022-01-01,2022-10-01,4.259999999999998
KHW,2022-01-01,2022-10-01,0
KHS,2022-01-01,2022-10-01,-10.120000000000005
KHP,2022-01-01,2022-10-01,-2.3100000000000005
KHL,2022-01-01,2022-10-01,
KHG,2022-01-01,2022-10-01,-6.1
KHD,2022-01-01,2022-10-01,-0.6000000000000014
KHB,2022-01-01,2022-10-01,-4.3
KHA,2022-01-01,2022-10-01,
KGM,2022-01-01,2022-10-01,1.839999999999998
KDM,2022-01-01,2022-10-01,-8.88
KDH,2022-01-01,2022-10-01,-5.09
KDC,2022-01-01,2022-10-01,22.669999999999995
KCE,2022-01-01,2022-10-01,-1.9299999999999997
KCB,2022-01-01,2022-10-01,-3.789999999999999
KBC,2022-01-01,2022-10-01,-0.00999999999999801
KAC,2022-01-01,2022-10-01,0.6999999999999993
JVC,2022-01-01,2022-10-01,-2.1399999999999997
JOS,2022-01-01,2022-10-01,-0.5000000000000004
IVS,2022-01-01,2022-10-01,-6.3
ITS,2022-01-01,2022-10-01,-2.339999999999999
ITQ,2022-01-01,2022-10-01,-3.9000000000000004
ITD,2022-01-01,2022-10-01,-1.4499999999999993
ITC,2022-01-01,2022-10-01,-2.039999999999999
ITA,2022-01-01,2022-10-01,-3.880000000000001
IST,2022-01-01,2022-10-01,2.5000000000000036
ISH,2022-01-01,2022-10-01,0.759999999999998
ISG,2022-01-01,2022-10-01,1.1999999999999993
IRC,2022-01-01,2022-10-01,0
IPH,2022-01-01,2022-10-01,
IPA,2022-01-01,2022-10-01,-22.909999999999997
INN,2022-01-01,2022-10-01,3.069999999999993
ING,2022-01-01,2022-10-01,
INC,2022-01-01,2022-10-01,3.24
IN4,2022-01-01,2022-10-01,0
IMP,2022-01-01,2022-10-01,-5.729999999999997
IME,2022-01-01,2022-10-01,0
ILS,2022-01-01,2022-10-01,-2.6999999999999993
ILC,2022-01-01,2022-10-01,2.3999999999999986
ILB,2022-01-01,2022-10-01,1.0900000000000034
ILA,2022-01-01,2022-10-01,-4.630000000000002
IJC,2022-01-01,2022-10-01,2.0799999999999983
IHK,2022-01-01,2022-10-01,9.3
IFS,2022-01-01,2022-10-01,-2.8500000000000014
IDV,2022-01-01,2022-10-01,-4.939999999999987
IDP,2022-01-01,2022-10-01,24.200000000000017
IDJ,2022-01-01,2022-10-01,-1.9799999999999986
IDI,2022-01-01,2022-10-01,1.9300000000000033
IDC,2022-01-01,2022-10-01,-0.5700000000000003
ICT,2022-01-01,2022-10-01,0.2599999999999998
ICN,2022-01-01,2022-10-01,9.969999999999999
ICI,2022-01-01,2022-10-01,0.6800000000000006
ICG,2022-01-01,2022-10-01,-6.07
ICF,2022-01-01,2022-10-01,0.0
ICC,2022-01-01,2022-10-01,-2.4399999999999977
IBN,2022-01-01,2022-10-01,0
IBD,2022-01-01,2022-10-01,0
IBC,2022-01-01,2022-10-01,0.25
HWS,2022-01-01,2022-10-01,0.9100000000000001
HVX,2022-01-01,2022-10-01,-2.530000000000001
HVT,2022-01-01,2022-10-01,-2.1500000000000057
HVN,2022-01-01,2022-10-01,-7.899999999999999
HVH,2022-01-01,2022-10-01,-1.1599999999999993
HVG,2022-01-01,2022-10-01,4.440892098500626e-16
HVA,2022-01-01,2022-10-01,1.3000000000000007
HUX,2022-01-01,2022-10-01,
HUT,2022-01-01,2022-10-01,-5.599999999999998
HUG,2022-01-01,2022-10-01,13.639999999999993
HUB,2022-01-01,2022-10-01,-5.660000000000004
HU6,2022-01-01,2022-10-01,0.6899999999999995
HU4,2022-01-01,2022-10-01,-3.8099999999999996
HU3,2022-01-01,2022-10-01,-1.4900000000000002
HU1,2022-01-01,2022-10-01,-4.49
HTW,2022-01-01,2022-10-01,0
HTV,2022-01-01,2022-10-01,-1.8699999999999992
HTT,2022-01-01,2022-10-01,-0.8000000000000005
HTR,2022-01-01,2022-10-01,0
HTP,2022-01-01,2022-10-01,-7.5
HTN,2022-01-01,2022-10-01,-1.5999999999999979
HTM,2022-01-01,2022-10-01,1.0999999999999996
HTL,2022-01-01,2022-10-01,1.759999999999998
HTK,2022-01-01,2022-10-01,
HTI,2022-01-01,2022-10-01,-0.7400000000000002
HTH,2022-01-01,2022-10-01,0
HTG,2022-01-01,2022-10-01,3.009999999999998
HTE,2022-01-01,2022-10-01,-1.799999999999999
HTC,2022-01-01,2022-10-01,-0.5999999999999979
HT1,2022-01-01,2022-10-01,2.4200000000000017
HSV,2022-01-01,2022-10-01,-4.57
HSP,2022-01-01,2022-10-01,0.6100000000000012
HSM,2022-01-01,2022-10-01,-0.8499999999999996
HSL,2022-01-01,2022-10-01,-1.9100000000000001
HSI,2022-01-01,2022-10-01,-0.5000000000000004
HSG,2022-01-01,2022-10-01,-8.3
HSA,2022-01-01,2022-10-01,-16.700000000000003
HRT,2022-01-01,2022-10-01,-1.7999999999999998
HRC,2022-01-01,2022-10-01,0.0
HRB,2022-01-01,2022-10-01,0
HQC,2022-01-01,2022-10-01,-0.21999999999999975
HPX,2022-01-01,2022-10-01,-2.400000000000002
HPW,2022-01-01,2022-10-01,1.1800000000000033
HPT,2022-01-01,2022-10-01,3.4899999999999984
HPP,2022-01-01,2022-10-01,5.759999999999991
HPM,2022-01-01,2022-10-01,4.899999999999999
HPI,2022-01-01,2022-10-01,-0.7999999999999972
HPH,2022-01-01,2022-10-01,4.799999999999997
HPG,2022-01-01,2022-10-01,-5.699999999999999
HPD,2022-01-01,2022-10-01,1.5300000000000047
HPB,2022-01-01,2022-10-01,2.08
HOT,2022-01-01,2022-10-01,2.0500000000000043
HOM,2022-01-01,2022-10-01,-1.5000000000000027
HNT,2022-01-01,2022-10-01,-0.1999999999999993
HNR,2022-01-01,2022-10-01,0
HNP,2022-01-01,2022-10-01,1.25
HNM,2022-01-01,2022-10-01,-4.1
HNI,2022-01-01,2022-10-01,12.43
HNG,2022-01-01,2022-10-01,1.17
HNF,2022-01-01,2022-10-01,0.8399999999999981
HNE,2022-01-01,2022-10-01,
HND,2022-01-01,2022-10-01,-1.7899999999999991
HNB,2022-01-01,2022-10-01,1.7299999999999986
HNA,2022-01-01,2022-10-01,0.27999999999999936
HMS,2022-01-01,2022-10-01,-15.449999999999996
HMR,2022-01-01,2022-10-01,-5.220000000000001
HMH,2022-01-01,2022-10-01,2.429999999999996
HMG,2022-01-01,2022-10-01,1.6700000000000017
HMD,2022-01-01,2022-10-01,
HMC,2022-01-01,2022-10-01,0.15999999999999837
HLY,2022-01-01,2022-10-01,1.0999999999999996
HLT,2022-01-01,2022-10-01,0.5
HLS,2022-01-01,2022-10-01,0
HLR,2022-01-01,2022-10-01,1.0899999999999999
HLO,2022-01-01,2022-10-01,
HLG,2022-01-01,2022-10-01,0.4999999999999991
HLE,2022-01-01,2022-10-01,
HLD,2022-01-01,2022-10-01,-3.5199999999999996
HLC,2022-01-01,2022-10-01,-1.709999999999999
HLB,2022-01-01,2022-10-01,-64.82000000000002
HLA,2022-01-01,2022-10-01,-0.8
HKT,2022-01-01,2022-10-01,-0.40000000000000036
HKP,2022-01-01,2022-10-01,7.059999999999999
HKB,2022-01-01,2022-10-01,-0.6000000000000001
HJS,2022-01-01,2022-10-01,2.2200000000000024
HJC,2022-01-01,2022-10-01,2.5999999999999996
HIO,2022-01-01,2022-10-01,
HII,2022-01-01,2022-10-01,-5.65
HIG,2022-01-01,2022-10-01,-0.6999999999999993
HID,2022-01-01,2022-10-01,-2.9800000000000004
HHV,2022-01-01,2022-10-01,-2.380000000000001
HHS,2022-01-01,2022-10-01,-0.9799999999999995
HHR,2022-01-01,2022-10-01,0
HHP,2022-01-01,2022-10-01,-0.9300000000000015
HHN,2022-01-01,2022-10-01,0
HHG,2022-01-01,2022-10-01,-3.9
HHC,2022-01-01,2022-10-01,4.3999999999999915
HGW,2022-01-01,2022-10-01,8.109999999999998
HGT,2022-01-01,2022-10-01,0
HGR,2022-01-01,2022-10-01,
HGM,2022-01-01,2022-10-01,4.0
HGC,2022-01-01,2022-10-01,
HGA,2022-01-01,2022-10-01,
HFX,2022-01-01,2022-10-01,2.3
HFC,2022-01-01,2022-10-01,0.20000000000000107
HFB,2022-01-01,2022-10-01,3.830000000000001
HEV,2022-01-01,2022-10-01,9.600000000000001
HES,2022-01-01,2022-10-01,-2.0999999999999996
HEP,2022-01-01,2022-10-01,10.059999999999997
HEM,2022-01-01,2022-10-01,-2.879999999999999
HEJ,2022-01-01,2022-10-01,-15.100000000000005
HEC,2022-01-01,2022-10-01,5.5900000000000105
HDW,2022-01-01,2022-10-01,1.5100000000000033
HDS,2022-01-01,2022-10-01,
HDP,2022-01-01,2022-10-01,-0.7400000000000002
HDO,2022-01-01,2022-10-01,-0.7
HDM,2022-01-01,2022-10-01,-0.6499999999999986
HDG,2022-01-01,2022-10-01,1.4000000000000128
HDC,2022-01-01,2022-10-01,-17.63
HDB,2022-01-01,2022-10-01,1.08
HDA,2022-01-01,2022-10-01,-4.390000000000004
HD8,2022-01-01,2022-10-01,1.1400000000000006
HD6,2022-01-01,2022-10-01,-14.100000000000005
HD2,2022-01-01,2022-10-01,0.5799999999999965
HCT,2022-01-01,2022-10-01,6.259999999999998
HCM,2022-01-01,2022-10-01,-5.010000000000003
HCI,2022-01-01,2022-10-01,0
HCD,2022-01-01,2022-10-01,0.17000000000000082
HCC,2022-01-01,2022-10-01,-0.9200000000000017
HCB,2022-01-01,2022-10-01,3.780000000000003
HC3,2022-01-01,2022-10-01,0.08999999999999986
HC1,2022-01-01,2022-10-01,0.08000000000000007
HBS,2022-01-01,2022-10-01,-3.299999999999999
HBH,2022-01-01,2022-10-01,6.299999999999999
HBD,2022-01-01,2022-10-01,-1.9799999999999986
HBC,2022-01-01,2022-10-01,-5.529999999999999
HAX,2022-01-01,2022-10-01,-0.17999999999999972
HAW,2022-01-01,2022-10-01,
HAV,2022-01-01,2022-10-01,0.39999999999999947
HAT,2022-01-01,2022-10-01,-2.869999999999999
HAS,2022-01-01,2022-10-01,-0.9099999999999984
HAR,2022-01-01,2022-10-01,-3.76
HAP,2022-01-01,2022-10-01,-3.1900000000000013
HAN,2022-01-01,2022-10-01,-3.6500000000000004
HAM,2022-01-01,2022-10-01,-1.2099999999999973
HAI,2022-01-01,2022-10-01,-3.21
HAH,2022-01-01,2022-10-01,3.1099999999999994
HAG,2022-01-01,2022-10-01,-1.5600000000000005
HAF,2022-01-01,2022-10-01,14.400000000000002
HAD,2022-01-01,2022-10-01,-2.700000000000001
HAC,2022-01-01,2022-10-01,-1.200000000000001
HAB,2022-01-01,2022-10-01,
H11,2022-01-01,2022-10-01,6.099999999999999
GVT,2022-01-01,2022-10-01,-11.429999999999993
GVR,2022-01-01,2022-10-01,-4.470000000000006
GTT,2022-01-01,2022-10-01,-0.7
GTS,2022-01-01,2022-10-01,-0.28000000000000114
GTK,2022-01-01,2022-10-01,
GTH,2022-01-01,2022-10-01,-1.8200000000000003
GTD,2022-01-01,2022-10-01,14.299999999999997
GTA,2022-01-01,2022-10-01,-1.639999999999997
GSP,2022-01-01,2022-10-01,-2.3400000000000016
GSM,2022-01-01,2022-10-01,3.41
GQN,2022-01-01,2022-10-01,
GPC,2022-01-01,2022-10-01,
GND,2022-01-01,2022-10-01,-8.229999999999997
GMX,2022-01-01,2022-10-01,-0.4400000000000013
GMH,2022-01-01,2022-10-01,-1.0699999999999985
GMD,2022-01-01,2022-10-01,-0.23000000000001108
GMC,2022-01-01,2022-10-01,2.1400000000000006
GMA,2022-01-01,2022-10-01,-5.1299999999999955
GLW,2022-01-01,2022-10-01,0
GLT,2022-01-01,2022-10-01,4.539999999999999
GLC,2022-01-01,2022-10-01,0
GKM,2022-01-01,2022-10-01,-1.0700000000000003
GIL,2022-01-01,2022-10-01,2.4600000000000044
GIC,2022-01-01,2022-10-01,-4.0699999999999985
GHC,2022-01-01,2022-10-01,-2.960000000000001
GH3,2022-01-01,2022-10-01,0
GGG,2022-01-01,2022-10-01,-3.8999999999999995
GEX,2022-01-01,2022-10-01,-6.410000000000007
GER,2022-01-01,2022-10-01,13.289999999999996
GEG,2022-01-01,2022-10-01,4.229999999999997
GEE,2022-01-01,2022-10-01,2.129999999999999
GE2,2022-01-01,2022-10-01,-9.259999999999994
GDW,2022-01-01,2022-10-01,-6.120000000000001
GDT,2022-01-01,2022-10-01,1.7199999999999989
GDA,2022-01-01,2022-10-01,
GCF,2022-01-01,2022-10-01,
GCB,2022-01-01,2022-10-01,3.299999999999997
GAS,2022-01-01,2022-10-01,11.5
GAB,2022-01-01,2022-10-01,1.4000000000000057
G36,2022-01-01,2022-10-01,-0.4800000000000004
G20,2022-01-01,2022-10-01,-0.10000000000000009
FTS,2022-01-01,2022-10-01,4.429999999999996
FTM,2022-01-01,2022-10-01,-1.9
FTI,2022-01-01,2022-10-01,0
FT1,2022-01-01,2022-10-01,2.4200000000000017
FSO,2022-01-01,2022-10-01,0
FRT,2022-01-01,2022-10-01,-16.810000000000002
FRM,2022-01-01,2022-10-01,3.770000000000003
FRC,2022-01-01,2022-10-01,5.579999999999998
FPT,2022-01-01,2022-10-01,4.220000000000006
FOX,2022-01-01,2022-10-01,-1.6000000000000014
FOC,2022-01-01,2022-10-01,-6.239999999999981
FMC,2022-01-01,2022-10-01,14.899999999999999
FLC,2022-01-01,2022-10-01,-2.579999999999999
FIT,2022-01-01,2022-10-01,-3.960000000000001
FIR,2022-01-01,2022-10-01,3.5400000000000027
FID,2022-01-01,2022-10-01,-4.3999999999999995
FIC,2022-01-01,2022-10-01,-8.009999999999994
FHS,2022-01-01,2022-10-01,-4.640000000000004
FHN,2022-01-01,2022-10-01,0
FGL,2022-01-01,2022-10-01,0
FDG,2022-01-01,2022-10-01,-0.09999999999999987
FDC,2022-01-01,2022-10-01,-5.699999999999999
FCS,2022-01-01,2022-10-01,1.6999999999999997
FCN,2022-01-01,2022-10-01,-0.3000000000000007
FCM,2022-01-01,2022-10-01,-2.46
FCC,2022-01-01,2022-10-01,0.9000000000000004
FBC,2022-01-01,2022-10-01,0
FBA,2022-01-01,2022-10-01,0
EVS,2022-01-01,2022-10-01,-2.6300000000000026
EVG,2022-01-01,2022-10-01,-6.43
EVF,2022-01-01,2022-10-01,-4.539999999999999
EVE,2022-01-01,2022-10-01,3.3199999999999985
EPH,2022-01-01,2022-10-01,-0.5299999999999994
EPC,2022-01-01,2022-10-01,0
EMS,2022-01-01,2022-10-01,0.9000000000000057
EMG,2022-01-01,2022-10-01,0.08999999999999986
EME,2022-01-01,2022-10-01,13.919999999999998
EMC,2022-01-01,2022-10-01,2.650000000000002
ELC,2022-01-01,2022-10-01,-1.1199999999999992
EIN,2022-01-01,2022-10-01,-1.7999999999999998
EID,2022-01-01,2022-10-01,0.44999999999999574
EIC,2022-01-01,2022-10-01,0.639999999999997
EIB,2022-01-01,2022-10-01,0.03999999999999915
EFI,2022-01-01,2022-10-01,-0.7000000000000006
ECO,2022-01-01,2022-10-01,
ECI,2022-01-01,2022-10-01,-9.079999999999998
EBS,2022-01-01,2022-10-01,-0.9799999999999995
EAD,2022-01-01,2022-10-01,0
E29,2022-01-01,2022-10-01,-8.44
E12,2022-01-01,2022-10-01,-9.6
DZM,2022-01-01,2022-10-01,1.1999999999999993
DXV,2022-01-01,2022-10-01,-1.2800000000000002
DXS,2022-01-01,2022-10-01,-7.060000000000002
DXP,2022-01-01,2022-10-01,-5.410000000000002
DXL,2022-01-01,2022-10-01,4.1499999999999995
DXG,2022-01-01,2022-10-01,-16.349999999999998
DX2,2022-01-01,2022-10-01,
DWS,2022-01-01,2022-10-01,1.4800000000000004
DWC,2022-01-01,2022-10-01,4.799999999999999
DVW,2022-01-01,2022-10-01,0.0
DVP,2022-01-01,2022-10-01,-0.7399999999999949
DVN,2022-01-01,2022-10-01,-6.199999999999999
DVM,2022-01-01,2022-10-01,0.41000000000000014
DVG,2022-01-01,2022-10-01,-5.299999999999999
DVC,2022-01-01,2022-10-01,-0.6800000000000015
DUS,2022-01-01,2022-10-01,0
DTV,2022-01-01,2022-10-01,8.030000000000001
DTT,2022-01-01,2022-10-01,5.370000000000001
DTP,2022-01-01,2022-10-01,-32.04000000000002
DTL,2022-01-01,2022-10-01,-14.2
DTK,2022-01-01,2022-10-01,-0.8099999999999987
DTI,2022-01-01,2022-10-01,-3.950000000000001
DTH,2022-01-01,2022-10-01,0
DTG,2022-01-01,2022-10-01,-5.66
DTE,2022-01-01,2022-10-01,-4.100000000000003
DTD,2022-01-01,2022-10-01,-0.40999999999999837
DTC,2022-01-01,2022-10-01,-3.0900000000000007
DTB,2022-01-01,2022-10-01,3.2799999999999994
DTA,2022-01-01,2022-10-01,-3.3299999999999983
DT4,2022-01-01,2022-10-01,0
DSV,2022-01-01,2022-10-01,0.45999999999999996
DST,2022-01-01,2022-10-01,-5.0
DSP,2022-01-01,2022-10-01,0.3999999999999986
DSN,2022-01-01,2022-10-01,-0.9699999999999918
DSG,2022-01-01,2022-10-01,-0.5999999999999996
DSE,2022-01-01,2022-10-01,
DSD,2022-01-01,2022-10-01,0
DSC,2022-01-01,2022-10-01,9.83
DS3,2022-01-01,2022-10-01,-3.500000000000001
DRL,2022-01-01,2022-10-01,1.4099999999999966
DRI,2022-01-01,2022-10-01,-4.299999999999999
DRH,2022-01-01,2022-10-01,-6.18
DRG,2022-01-01,2022-10-01,-2.6400000000000006
DRC,2022-01-01,2022-10-01,1.3599999999999994
DQC,2022-01-01,2022-10-01,-22.55
DPS,2022-01-01,2022-10-01,-1.2999999999999998
DPR,2022-01-01,2022-10-01,-0.5300000000000011
DPP,2022-01-01,2022-10-01,0.2400000000000002
DPM,2022-01-01,2022-10-01,10.619999999999997
DPH,2022-01-01,2022-10-01,1.519999999999996
DPG,2022-01-01,2022-10-01,-24.009999999999998
DPD,2022-01-01,2022-10-01,
DPC,2022-01-01,2022-10-01,-8.09
DP3,2022-01-01,2022-10-01,-3.5299999999999976
DP2,2022-01-01,2022-10-01,-0.20000000000000018
DP1,2022-01-01,2022-10-01,8.600000000000001
DOP,2022-01-01,2022-10-01,4.360000000000001
DOC,2022-01-01,2022-10-01,3.259999999999999
DNW,2022-01-01,2022-10-01,-0.4300000000000068
DNT,2022-01-01,2022-10-01,0
DNP,2022-01-01,2022-10-01,11.999999999999996
DNN,2022-01-01,2022-10-01,0
DNM,2022-01-01,2022-10-01,-7.129999999999999
DNL,2022-01-01,2022-10-01,6.439999999999998
DNH,2022-01-01,2022-10-01,10.43
DNE,2022-01-01,2022-10-01,-2.3000000000000007
DND,2022-01-01,2022-10-01,1.1999999999999993
DNC,2022-01-01,2022-10-01,-9.45
DNB,2022-01-01,2022-10-01,
DNA,2022-01-01,2022-10-01,0.3299999999999983
DMS,2022-01-01,2022-10-01,
DMN,2022-01-01,2022-10-01,-1.6000000000000014
DMC,2022-01-01,2022-10-01,-0.07999999999999119
DM7,2022-01-01,2022-10-01,2.0999999999999996
DLT,2022-01-01,2022-10-01,3.299999999999999
DLR,2022-01-01,2022-10-01,-1.5999999999999996
DLM,2022-01-01,2022-10-01,
DLG,2022-01-01,2022-10-01,-3.1500000000000004
DLD,2022-01-01,2022-10-01,0
DL1,2022-01-01,2022-10-01,-2.8599999999999994
DKW,2022-01-01,2022-10-01,
DKH,2022-01-01,2022-10-01,
DKC,2022-01-01,2022-10-01,0.010000000000000009
DIH,2022-01-01,2022-10-01,-10.919999999999998
DIG,2022-01-01,2022-10-01,-0.5300000000000082
DID,2022-01-01,2022-10-01,-1.5999999999999996
DIC,2022-01-01,2022-10-01,-3.0999999999999996
DHT,2022-01-01,2022-10-01,0.10000000000000142
DHP,2022-01-01,2022-10-01,0.7300000000000004
DHN,2022-01-01,2022-10-01,0
DHM,2022-01-01,2022-10-01,-2.469999999999999
DHG,2022-01-01,2022-10-01,1.069999999999979
DHD,2022-01-01,2022-10-01,0.9799999999999986
DHC,2022-01-01,2022-10-01,-1.3599999999999923
DHB,2022-01-01,2022-10-01,5.299999999999999
DHA,2022-01-01,2022-10-01,-7.839999999999996
DGW,2022-01-01,2022-10-01,-5.289999999999992
DGT,2022-01-01,2022-10-01,-14.999999999999998
DGC,2022-01-01,2022-10-01,-16.47999999999999
DFF,2022-01-01,2022-10-01,-6.699999999999996
DFC,2022-01-01,2022-10-01,0
DDV,2022-01-01,2022-10-01,-2.0199999999999996
DDN,2022-01-01,2022-10-01,-1.4899999999999984
DDM,2022-01-01,2022-10-01,-1.7000000000000002
DDH,2022-01-01,2022-10-01,0
DDG,2022-01-01,2022-10-01,1.499999999999993
DDB,2022-01-01,2022-10-01,
DCT,2022-01-01,2022-10-01,-0.4999999999999998
DCS,2022-01-01,2022-10-01,-1.1999999999999997
DCR,2022-01-01,2022-10-01,-0.09999999999999964
DCM,2022-01-01,2022-10-01,-0.19000000000000128
DCL,2022-01-01,2022-10-01,-11.700000000000003
DCH,2022-01-01,2022-10-01,0
DCG,2022-01-01,2022-10-01,0
DCF,2022-01-01,2022-10-01,17.6
DC4,2022-01-01,2022-10-01,-13.59
DC2,2022-01-01,2022-10-01,-1.1100000000000003
DC1,2022-01-01,2022-10-01,-3.6400000000000006
DBW,2022-01-01,2022-10-01,0
DBT,2022-01-01,2022-10-01,-1.5900000000000016
DBM,2022-01-01,2022-10-01,6.430000000000003
DBH,2022-01-01,2022-10-01,0
DBD,2022-01-01,2022-10-01,1.4799999999999969
DBC,2022-01-01,2022-10-01,7.4800000000000075
DAT,2022-01-01,2022-10-01,-2.710000000000001
DAS,2022-01-01,2022-10-01,7.59
DAR,2022-01-01,2022-10-01,0
DAN,2022-01-01,2022-10-01,-8.36
DAH,2022-01-01,2022-10-01,-6.289999999999999
DAG,2022-01-01,2022-10-01,-6.7600000000000025
DAE,2022-01-01,2022-10-01,-1.5999999999999979
DAD,2022-01-01,2022-10-01,2.2099999999999973
DAC,2022-01-01,2022-10-01,5.2
D2D,2022-01-01,2022-10-01,-6.1200000000000045
D17,2022-01-01,2022-10-01,
D11,2022-01-01,2022-10-01,-8.850000000000003
CYC,2022-01-01,2022-10-01,0
CX8,2022-01-01,2022-10-01,1.9100000000000001
CVT,2022-01-01,2022-10-01,-2.249999999999993
CVP,2022-01-01,2022-10-01,0
CVN,2022-01-01,2022-10-01,-1.700000000000001
CTX,2022-01-01,2022-10-01,-1.8000000000000016
CTW,2022-01-01,2022-10-01,4.270000000000003
CTT,2022-01-01,2022-10-01,4.390000000000001
CTS,2022-01-01,2022-10-01,-8.539999999999997
CTR,2022-01-01,2022-10-01,-10.32
CTP,2022-01-01,2022-10-01,-1.7999999999999998
CTN,2022-01-01,2022-10-01,0.0
CTI,2022-01-01,2022-10-01,-7.15
CTG,2022-01-01,2022-10-01,-0.5800000000000018
CTF,2022-01-01,2022-10-01,4.34
CTD,2022-01-01,2022-10-01,11.670000000000002
CTC,2022-01-01,2022-10-01,-3.3999999999999995
CTB,2022-01-01,2022-10-01,-4.09
CTA,2022-01-01,2022-10-01,-0.7
CT6,2022-01-01,2022-10-01,1.1999999999999993
CT5,2022-01-01,2022-10-01,
CT3,2022-01-01,2022-10-01,1.9099999999999993
CSV,2022-01-01,2022-10-01,-2.1599999999999984
CST,2022-01-01,2022-10-01,1.9499999999999993
CSM,2022-01-01,2022-10-01,1.6300000000000026
CSI,2022-01-01,2022-10-01,34.3
CSC,2022-01-01,2022-10-01,-19.520000000000003
CRE,2022-01-01,2022-10-01,-3.8499999999999996
CRC,2022-01-01,2022-10-01,-2.8100000000000005
CQT,2022-01-01,2022-10-01,-0.35999999999999943
CQN,2022-01-01,2022-10-01,-0.5700000000000003
CPI,2022-01-01,2022-10-01,-1.0999999999999996
CPH,2022-01-01,2022-10-01,0
CPC,2022-01-01,2022-10-01,-2.7699999999999996
CPA,2022-01-01,2022-10-01,-0.09999999999999964
COM,2022-01-01,2022-10-01,-7.809999999999995
CNT,2022-01-01,2022-10-01,-7.979999999999999
CNN,2022-01-01,2022-10-01,3.9200000000000017
CNG,2022-01-01,2022-10-01,3.8200000000000003
CNC,2022-01-01,2022-10-01,-0.030000000000001137
CNA,2022-01-01,2022-10-01,0
CMX,2022-01-01,2022-10-01,0.3200000000000003
CMW,2022-01-01,2022-10-01,6.459999999999997
CMV,2022-01-01,2022-10-01,-1.3499999999999979
CMT,2022-01-01,2022-10-01,-4.75
CMS,2022-01-01,2022-10-01,-9.599999999999998
CMP,2022-01-01,2022-10-01,0
CMN,2022-01-01,2022-10-01,5.560000000000002
CMM,2022-01-01,2022-10-01,
CMK,2022-01-01,2022-10-01,0
CMI,2022-01-01,2022-10-01,0.2999999999999994
CMG,2022-01-01,2022-10-01,7.079999999999998
CMF,2022-01-01,2022-10-01,7.22999999999999
CMD,2022-01-01,2022-10-01,-5.16
CMC,2022-01-01,2022-10-01,-5.000000000000001
CLX,2022-01-01,2022-10-01,-6.080000000000002
CLW,2022-01-01,2022-10-01,3.9600000000000044
CLM,2022-01-01,2022-10-01,16.15
CLL,2022-01-01,2022-10-01,0.0799999999999983
CLH,2022-01-01,2022-10-01,2.1700000000000017
CLG,2022-01-01,2022-10-01,-0.7
CLC,2022-01-01,2022-10-01,1.8199999999999967
CKV,2022-01-01,2022-10-01,2.8799999999999937
CKG,2022-01-01,2022-10-01,2.91
CKD,2022-01-01,2022-10-01,5.220000000000002
CKA,2022-01-01,2022-10-01,4.77
CK8,2022-01-01,2022-10-01,
CJC,2022-01-01,2022-10-01,-0.5
CIP,2022-01-01,2022-10-01,-3.4000000000000004
CII,2022-01-01,2022-10-01,-7.809999999999999
CIG,2022-01-01,2022-10-01,1.0699999999999976
CID,2022-01-01,2022-10-01,2.1800000000000006
CIA,2022-01-01,2022-10-01,-4.300000000000001
CI5,2022-01-01,2022-10-01,-0.1999999999999993
CHS,2022-01-01,2022-10-01,-1.679999999999998
CHP,2022-01-01,2022-10-01,2.979999999999997
CHC,2022-01-01,2022-10-01,0
CH5,2022-01-01,2022-10-01,0
CGV,2022-01-01,2022-10-01,-3.3999999999999995
CGL,2022-01-01,2022-10-01,0
CFV,2022-01-01,2022-10-01,80.7
CFM,2022-01-01,2022-10-01,0.5999999999999996
CET,2022-01-01,2022-10-01,-1.8000000000000007
CEO,2022-01-01,2022-10-01,-11.479999999999993
CEN,2022-01-01,2022-10-01,-1.5200000000000014
CEG,2022-01-01,2022-10-01,0
CEE,2022-01-01,2022-10-01,-1.2000000000000028
CE1,2022-01-01,2022-10-01,0
CDR,2022-01-01,2022-10-01,3.79
CDP,2022-01-01,2022-10-01,-1.9800000000000004
CDO,2022-01-01,2022-10-01,-3.3000000000000007
CDN,2022-01-01,2022-10-01,-0.13999999999999702
CDH,2022-01-01,2022-10-01,0
CDG,2022-01-01,2022-10-01,0
CDC,2022-01-01,2022-10-01,1.9099999999999984
CCV,2022-01-01,2022-10-01,18.88
CCT,2022-01-01,2022-10-01,8.5
CCR,2022-01-01,2022-10-01,-2.1099999999999977
CCP,2022-01-01,2022-10-01,-0.5
CCM,2022-01-01,2022-10-01,5.590000000000003
CCL,2022-01-01,2022-10-01,-2.669999999999998
CCI,2022-01-01,2022-10-01,1.3199999999999967
CCC,2022-01-01,2022-10-01,
CCA,2022-01-01,2022-10-01,6.190000000000003
CC4,2022-01-01,2022-10-01,0.20999999999999908
CC1,2022-01-01,2022-10-01,0.39000000000000234
CBS,2022-01-01,2022-10-01,-8.79
CBI,2022-01-01,2022-10-01,-14.6
CAV,2022-01-01,2022-10-01,-0.060000000000002274
CAT,2022-01-01,2022-10-01,-3.1600000000000037
CAR,2022-01-01,2022-10-01,0.0
CAP,2022-01-01,2022-10-01,14.21
CAN,2022-01-01,2022-10-01,16.419999999999987
CAG,2022-01-01,2022-10-01,-1.5600000000000005
CAD,2022-01-01,2022-10-01,-1.9000000000000001
CAB,2022-01-01,2022-10-01,-65.2
C92,2022-01-01,2022-10-01,-3.2999999999999994
C69,2022-01-01,2022-10-01,-3.6000000000000014
C4G,2022-01-01,2022-10-01,-4.26
C47,2022-01-01,2022-10-01,-1.6400000000000006
C32,2022-01-01,2022-10-01,0.48999999999999844
C22,2022-01-01,2022-10-01,3.2799999999999994
C21,2022-01-01,2022-10-01,1.320000000000002
C12,2022-01-01,2022-10-01,0.4999999999999991
BXT,2022-01-01,2022-10-01,
BXH,2022-01-01,2022-10-01,0.9399999999999977
BWS,2022-01-01,2022-10-01,-0.9199999999999982
BWE,2022-01-01,2022-10-01,7.039999999999999
BWA,2022-01-01,2022-10-01,1.0600000000000023
BVS,2022-01-01,2022-10-01,0.10000000000000142
BVN,2022-01-01,2022-10-01,2.4999999999999982
BVL,2022-01-01,2022-10-01,23.55
BVH,2022-01-01,2022-10-01,2.319999999999993
BVG,2022-01-01,2022-10-01,-1.5999999999999996
BVB,2022-01-01,2022-10-01,-1.5
BUD,2022-01-01,2022-10-01,
BTW,2022-01-01,2022-10-01,5.030000000000001
BTV,2022-01-01,2022-10-01,-8.0
BTU,2022-01-01,2022-10-01,1.0500000000000007
BTT,2022-01-01,2022-10-01,-1.2900000000000063
BTS,2022-01-01,2022-10-01,-3.9899999999999984
BTP,2022-01-01,2022-10-01,-0.8199999999999985
BTN,2022-01-01,2022-10-01,-4.1
BTH,2022-01-01,2022-10-01,-4.040000000000001
BTG,2022-01-01,2022-10-01,1.5000000000000009
BTD,2022-01-01,2022-10-01,-5.949999999999999
BTB,2022-01-01,2022-10-01,-0.9000000000000004
BT6,2022-01-01,2022-10-01,-0.8999999999999999
BT1,2022-01-01,2022-10-01,1.5199999999999978
BST,2022-01-01,2022-10-01,14.150000000000002
BSR,2022-01-01,2022-10-01,-5.350000000000001
BSQ,2022-01-01,2022-10-01,6.189999999999998
BSP,2022-01-01,2022-10-01,1.9400000000000013
BSL,2022-01-01,2022-10-01,-0.370000000000001
BSI,2022-01-01,2022-10-01,-3.59
BSH,2022-01-01,2022-10-01,1.7200000000000024
BSG,2022-01-01,2022-10-01,1.2999999999999972
BSD,2022-01-01,2022-10-01,4.57
BSC,2022-01-01,2022-10-01,0
BSA,2022-01-01,2022-10-01,1.3899999999999988
BRS,2022-01-01,2022-10-01,-0.019999999999999574
BRR,2022-01-01,2022-10-01,0.9100000000000037
BRC,2022-01-01,2022-10-01,-1.3499999999999996
BQB,2022-01-01,2022-10-01,-2.5
BPW,2022-01-01,2022-10-01,
BPC,2022-01-01,2022-10-01,-0.7200000000000006
BOT,2022-01-01,2022-10-01,-5.300000000000001
BNW,2022-01-01,2022-10-01,0
BNA,2022-01-01,2022-10-01,-16.78
BMV,2022-01-01,2022-10-01,0
BMS,2022-01-01,2022-10-01,-4.39
BMP,2022-01-01,2022-10-01,0.970000000000006
BMN,2022-01-01,2022-10-01,-5.3100000000000005
BMK,2022-01-01,2022-10-01,
BMJ,2022-01-01,2022-10-01,7.4399999999999995
BMI,2022-01-01,2022-10-01,-2.270000000000003
BMG,2022-01-01,2022-10-01,0.8799999999999999
BMF,2022-01-01,2022-10-01,0.5800000000000001
BMD,2022-01-01,2022-10-01,0
BMC,2022-01-01,2022-10-01,-4.25
BLW,2022-01-01,2022-10-01,0.0
BLU,2022-01-01,2022-10-01,
BLT,2022-01-01,2022-10-01,14.229999999999995
BLN,2022-01-01,2022-10-01,0.5600000000000005
BLI,2022-01-01,2022-10-01,-0.2799999999999976
BLF,2022-01-01,2022-10-01,-2.8
BKH,2022-01-01,2022-10-01,9.349999999999998
BKG,2022-01-01,2022-10-01,-3.939999999999997
BKC,2022-01-01,2022-10-01,-6.1
BIO,2022-01-01,2022-10-01,-9.429999999999993
BII,2022-01-01,2022-10-01,-7.2
BIG,2022-01-01,2022-10-01,-5.23
BID,2022-01-01,2022-10-01,-2.6999999999999957
BIC,2022-01-01,2022-10-01,-1.5
BHT,2022-01-01,2022-10-01,0.8000000000000007
BHP,2022-01-01,2022-10-01,-1.2000000000000002
BHN,2022-01-01,2022-10-01,-6.819999999999993
BHK,2022-01-01,2022-10-01,0.5500000000000007
BHI,2022-01-01,2022-10-01,
BHG,2022-01-01,2022-10-01,0
BHC,2022-01-01,2022-10-01,1.9000000000000004
BHA,2022-01-01,2022-10-01,-0.6600000000000019
BGW,2022-01-01,2022-10-01,0
BGE,2022-01-01,2022-10-01,
BFC,2022-01-01,2022-10-01,-5.829999999999998
BEL,2022-01-01,2022-10-01,0
BED,2022-01-01,2022-10-01,0
BDW,2022-01-01,2022-10-01,2.379999999999999
BDT,2022-01-01,2022-10-01,-2.5
BDG,2022-01-01,2022-10-01,4.5000000000000036
BDB,2022-01-01,2022-10-01,0.8399999999999999
BCV,2022-01-01,2022-10-01,0
BCR,2022-01-01,2022-10-01,
BCP,2022-01-01,2022-10-01,-0.40000000000000036
BCO,2022-01-01,2022-10-01,
BCM,2022-01-01,2022-10-01,-0.09999999999999432
BCG,2022-01-01,2022-10-01,-0.5699999999999985
BCF,2022-01-01,2022-10-01,0.649999999999995
BCE,2022-01-01,2022-10-01,-6.249999999999998
BCC,2022-01-01,2022-10-01,-5.3100000000000005
BCB,2022-01-01,2022-10-01,0
BCA,2022-01-01,2022-10-01,-0.7999999999999989
BBT,2022-01-01,2022-10-01,-10.0
BBS,2022-01-01,2022-10-01,0.9699999999999989
BBM,2022-01-01,2022-10-01,1.0599999999999996
BBH,2022-01-01,2022-10-01,0.23000000000000043
BBC,2022-01-01,2022-10-01,4.250000000000007
BAX,2022-01-01,2022-10-01,-0.039999999999984936
BAL,2022-01-01,2022-10-01,-1.4399999999999995
BAF,2022-01-01,2022-10-01,-0.7100000000000009
BAB,2022-01-01,2022-10-01,-3.5000000000000018
B82,2022-01-01,2022-10-01,-1.0
AVG,2022-01-01,2022-10-01,
AVF,2022-01-01,2022-10-01,-0.7000000000000002
AVC,2022-01-01,2022-10-01,-0.41999999999999815
AUM,2022-01-01,2022-10-01,0
ATS,2022-01-01,2022-10-01,-12.899999999999999
ATG,2022-01-01,2022-10-01,-3.9
ATB,2022-01-01,2022-10-01,-1.0000000000000002
ATA,2022-01-01,2022-10-01,0.20000000000000018
AST,2022-01-01,2022-10-01,-0.09000000000000341
ASP,2022-01-01,2022-10-01,-2.5799999999999983
ASM,2022-01-01,2022-10-01,0.6400000000000006
ASG,2022-01-01,2022-10-01,0.6799999999999997
ASA,2022-01-01,2022-10-01,0
ART,2022-01-01,2022-10-01,-4.099999999999999
ARM,2022-01-01,2022-10-01,0
APT,2022-01-01,2022-10-01,-1.1
APS,2022-01-01,2022-10-01,-17.4
APP,2022-01-01,2022-10-01,-3.4000000000000004
APL,2022-01-01,2022-10-01,0
API,2022-01-01,2022-10-01,-4.4999999999999964
APH,2022-01-01,2022-10-01,4.719999999999999
APG,2022-01-01,2022-10-01,-9.34
APF,2022-01-01,2022-10-01,7.039999999999999
APC,2022-01-01,2022-10-01,-5.050000000000001
ANV,2022-01-01,2022-10-01,14.94
ANT,2022-01-01,2022-10-01,-1.700000000000001
AMV,2022-01-01,2022-10-01,-1.0399999999999974
AMS,2022-01-01,2022-10-01,-3.3999999999999986
AMP,2022-01-01,2022-10-01,0.5
AME,2022-01-01,2022-10-01,-1.9999999999999982
AMD,2022-01-01,2022-10-01,-2.84
AMC,2022-01-01,2022-10-01,3.5600000000000023
ALV,2022-01-01,2022-10-01,0.8999999999999995
ALT,2022-01-01,2022-10-01,5.0600000000000005
AIG,2022-01-01,2022-10-01,
AIC,2022-01-01,2022-10-01,-3.400000000000002
AGX,2022-01-01,2022-10-01,5.030000000000001
AGR,2022-01-01,2022-10-01,-1.9699999999999989
AGP,2022-01-01,2022-10-01,3.0299999999999976
AGM,2022-01-01,2022-10-01,-25.699999999999996
AGG,2022-01-01,2022-10-01,-4.32
AGF,2022-01-01,2022-10-01,-0.4999999999999991
AGE,2022-01-01,2022-10-01,0
AG1,2022-01-01,2022-10-01,-0.8799999999999999
AFX,2022-01-01,2022-10-01,-2.5000000000000018
ADS,2022-01-01,2022-10-01,-11.94
ADP,2022-01-01,2022-10-01,-0.6699999999999982
ADG,2022-01-01,2022-10-01,-6.689999999999998
ADC,2022-01-01,2022-10-01,1.4100000000000001
ACV,2022-01-01,2022-10-01,6.099999999999994
ACS,2022-01-01,2022-10-01,2.299999999999999
ACM,2022-01-01,2022-10-01,-1.6
ACL,2022-01-01,2022-10-01,4.429999999999998
ACG,2022-01-01,2022-10-01,4.32
ACE,2022-01-01,2022-10-01,5.959999999999997
ACC,2022-01-01,2022-10-01,-0.4300000000000015
ACB,2022-01-01,2022-10-01,-1.139999999999997
ABW,2022-01-01,2022-10-01,
ABT,2022-01-01,2022-10-01,2.3500000000000014
ABS,2022-01-01,2022-10-01,0.939999999999996
ABR,2022-01-01,2022-10-01,-6.0000000000000036
ABI,2022-01-01,2022-10-01,-2.2900000000000027
ABC,2022-01-01,2022-10-01,0.5100000000000007
ABB,2022-01-01,2022-10-01,-2.09
AAV,2022-01-01,2022-10-01,-13.140000000000002
AAT,2022-01-01,2022-10-01,0.20999999999999908
AAS,2022-01-01,2022-10-01,-1.1899999999999995
AAM,2022-01-01,2022-10-01,2.2500000000000018
AAH,2022-01-01,2022-10-01,
AAA,2022-01-01,2022-10-01,0.6500000000000021
A32,2022-01-01,2022-10-01,1.3299999999999983
