time,open,high,low,close,volume
2018-01-02,4.1,4.1,4.0,4.0,10100
2018-01-03,4.1,4.2,4.1,4.1,3900
2018-01-04,4.1,4.1,4.1,4.1,100
2018-01-05,4.0,4.0,4.0,4.0,13100
2018-01-08,4.0,4.0,4.0,4.0,11300
2018-01-09,4.0,4.1,4.0,4.1,1500
2018-01-10,4.0,4.1,4.0,4.1,13600
2018-01-11,4.0,4.1,4.0,4.1,82550
2018-01-12,4.1,4.1,4.0,4.1,67700
2018-01-15,4.0,4.1,4.0,4.1,11600
2018-01-16,4.1,4.1,4.1,4.1,10000
2018-01-17,4.0,4.0,4.0,4.0,28600
2018-01-18,4.0,4.1,4.0,4.1,20200
2018-01-19,4.0,4.1,4.0,4.1,18100
2018-01-22,3.9,4.1,3.9,4.1,11918
2018-01-23,4.0,4.1,3.9,4.0,72300
2018-01-24,4.0,4.1,4.0,4.1,90100
2018-01-25,3.9,4.0,3.9,3.9,35000
2018-01-26,3.9,4.1,3.9,4.1,25400
2018-01-29,4.1,4.1,3.9,3.9,4400
2018-01-30,4.0,4.0,4.0,4.0,1100
2018-01-31,3.9,3.9,3.9,3.9,14600
2018-02-01,4.0,4.0,4.0,4.0,1000
2018-02-02,4.0,4.1,4.0,4.1,71630
2018-02-05,3.9,4.0,3.8,4.0,14500
2018-02-06,3.8,3.8,3.6,3.7,76400
2018-02-07,3.8,3.9,3.8,3.9,32202
2018-02-08,3.7,3.7,3.6,3.7,52100
2018-02-09,3.7,3.7,3.5,3.6,79700
2018-02-12,3.5,3.8,3.5,3.8,14700
2018-02-13,3.7,3.8,3.6,3.8,17600
2018-02-21,3.9,3.9,3.8,3.8,900
2018-02-22,3.7,3.8,3.7,3.8,7800
2018-02-23,3.8,3.8,3.8,3.8,800
2018-02-26,3.8,3.8,3.7,3.8,4400
2018-02-27,3.7,3.7,3.7,3.7,12000
2018-02-28,3.6,3.7,3.6,3.7,9600
2018-03-01,3.6,3.7,3.5,3.7,15100
2018-03-02,3.7,3.7,3.6,3.7,1200
2018-03-05,3.7,3.7,3.7,3.7,10300
2018-03-06,3.6,3.7,3.6,3.6,19300
2018-03-07,3.6,3.7,3.5,3.6,115000
2018-03-08,3.6,3.7,3.6,3.7,11300
2018-03-09,3.6,3.7,3.6,3.7,21000
2018-03-12,3.6,3.7,3.6,3.7,34800
2018-03-13,3.6,3.6,3.6,3.6,34100
2018-03-14,3.6,3.7,3.6,3.6,38800
2018-03-15,3.6,3.7,3.6,3.7,23100
2018-03-16,3.5,3.7,3.5,3.7,26200
2018-03-19,3.6,3.7,3.6,3.7,22700
2018-03-20,3.6,3.6,3.6,3.6,4900
2018-03-21,3.6,3.6,3.5,3.6,20600
2018-03-22,3.6,3.6,3.5,3.6,12700
2018-03-23,3.5,3.6,3.5,3.6,32100
2018-03-26,3.6,3.6,3.6,3.6,0
2018-03-27,3.6,3.6,3.6,3.6,100
2018-03-28,3.5,3.6,3.5,3.6,10100
2018-03-29,3.5,3.6,3.3,3.6,12300
2018-03-30,3.4,3.5,3.4,3.4,17900
2018-04-02,3.5,3.7,3.5,3.7,18900
2018-04-03,3.6,3.6,3.4,3.6,180600
2018-04-04,3.4,3.5,3.3,3.4,66500
2018-04-05,3.5,3.6,3.5,3.6,34600
2018-04-06,3.6,3.7,3.6,3.7,184600
2018-04-09,3.6,3.6,3.5,3.5,45000
2018-04-10,3.5,3.5,3.5,3.5,4100
2018-04-11,3.5,3.6,3.5,3.6,70100
2018-04-12,3.5,3.6,3.5,3.6,29500
2018-04-13,3.5,3.6,3.5,3.6,6600
2018-04-16,3.5,3.5,3.5,3.5,13700
2018-04-17,3.5,3.6,3.5,3.6,91000
2018-04-18,3.5,3.6,3.5,3.6,11700
2018-04-19,3.5,3.6,3.5,3.6,34100
2018-04-20,3.5,3.6,3.5,3.6,55600
2018-04-23,3.5,3.5,3.5,3.5,78000
2018-04-24,3.5,3.5,3.5,3.5,34000
2018-04-26,3.5,3.5,3.4,3.5,67200
2018-04-27,3.5,3.5,3.2,3.5,27100
2018-05-02,3.5,3.5,3.5,3.5,0
2018-05-03,3.4,3.4,3.4,3.4,8000
2018-05-04,3.4,3.4,3.4,3.4,15300
2018-05-07,3.4,3.5,3.4,3.5,21500
2018-05-08,3.3,3.4,3.2,3.2,77000
2018-05-09,3.2,3.4,3.2,3.4,16100
2018-05-10,3.4,3.4,3.3,3.3,8100
2018-05-11,3.3,3.3,3.2,3.2,24400
2018-05-14,3.3,3.3,3.2,3.2,21500
2018-05-15,3.2,3.3,3.2,3.2,20400
2018-05-16,3.2,3.3,3.2,3.3,15600
2018-05-17,3.2,3.2,3.2,3.2,28100
2018-05-18,3.2,3.3,3.2,3.3,12100
2018-05-21,3.2,3.2,3.2,3.2,20400
2018-05-22,3.3,3.3,3.1,3.2,26200
2018-05-23,3.2,3.2,3.1,3.2,32800
2018-05-24,3.1,3.1,3.1,3.1,49700
2018-05-25,3.1,3.1,3.1,3.1,20400
2018-05-28,3.1,3.1,3.0,3.0,20600
2018-05-29,3.1,3.1,3.1,3.1,8700
2018-05-30,3.1,3.1,3.1,3.1,0
2018-05-31,3.1,3.1,3.1,3.1,16600
2018-06-01,3.0,3.1,2.9,3.1,16700
2018-06-04,3.0,3.0,3.0,3.0,15000
2018-06-05,3.0,3.1,2.9,3.1,13100
2018-06-06,3.0,3.0,3.0,3.0,1700
2018-06-07,3.0,3.0,3.0,3.0,6600
2018-06-08,3.0,3.0,2.9,3.0,6400
2018-06-11,2.8,3.0,2.8,3.0,2300
2018-06-12,3.0,3.0,3.0,3.0,0
2018-06-13,2.9,2.9,2.9,2.9,3400
2018-06-14,2.9,3.0,2.9,3.0,200
2018-06-15,3.0,3.0,3.0,3.0,100
2018-06-18,3.0,3.0,3.0,3.0,0
2018-06-19,3.0,3.0,3.0,3.0,0
2018-06-20,2.7,3.0,2.7,3.0,500
2018-06-21,3.0,3.0,3.0,3.0,300
2018-06-22,3.0,3.0,3.0,3.0,200
2018-06-25,3.0,3.0,3.0,3.0,200
2018-06-26,3.0,3.0,3.0,3.0,0
2018-06-27,2.9,2.9,2.9,2.9,1300
2018-06-28,2.9,2.9,2.8,2.8,32500
2018-06-29,2.8,2.8,2.8,2.8,2300
2018-07-02,2.8,2.8,2.8,2.8,0
2018-07-03,2.7,2.8,2.6,2.8,4400
2018-07-04,2.8,2.8,2.8,2.8,1200
2018-07-05,2.8,2.8,2.8,2.8,800
2018-07-06,2.7,2.8,2.7,2.8,1200
2018-07-09,2.7,2.8,2.7,2.8,3800
2018-07-10,2.7,2.8,2.7,2.8,8100
2018-07-11,2.6,2.8,2.6,2.7,10900
2018-07-12,2.7,2.7,2.7,2.7,0
2018-07-13,2.7,2.9,2.6,2.9,19800
2018-07-16,2.8,2.8,2.8,2.8,5600
2018-07-17,2.8,2.8,2.8,2.8,0
2018-07-18,2.7,2.8,2.7,2.8,3100
2018-07-19,2.7,2.8,2.7,2.7,27600
2018-07-20,2.7,2.7,2.7,2.7,13200
2018-07-23,2.7,2.7,2.7,2.7,2000
2018-07-24,2.7,2.8,2.6,2.6,10300
2018-07-25,2.6,2.6,2.4,2.6,71200
2018-07-26,2.6,2.7,2.6,2.7,44400
2018-07-27,2.6,2.8,2.5,2.8,40500
2018-07-30,2.7,2.7,2.6,2.7,20300
2018-07-31,2.6,2.6,2.6,2.6,14700
2018-08-01,2.5,2.6,2.5,2.6,7700
2018-08-02,2.6,2.7,2.6,2.6,5000
2018-08-03,2.6,2.7,2.6,2.7,15100
2018-08-06,2.6,2.7,2.6,2.7,12000
2018-08-07,2.6,2.6,2.6,2.6,8000
2018-08-08,2.6,2.7,2.6,2.7,900
2018-08-09,2.7,2.7,2.7,2.7,0
2018-08-10,2.7,2.7,2.6,2.7,5200
2018-08-13,2.7,2.7,2.7,2.7,1000
2018-08-14,2.6,2.7,2.6,2.7,3400
2018-08-15,2.7,2.7,2.6,2.7,8800
2018-08-16,2.6,2.7,2.6,2.7,400
2018-08-17,2.7,2.7,2.7,2.7,2000
2018-08-20,2.7,2.8,2.7,2.8,1200
2018-08-21,2.7,2.8,2.7,2.8,200
2018-08-22,2.7,2.7,2.6,2.7,46600
2018-08-23,2.6,2.6,2.5,2.6,30400
2018-08-24,2.6,2.7,2.5,2.7,3600
2018-08-27,2.6,2.6,2.6,2.6,500
2018-08-28,2.5,2.7,2.5,2.7,3600
2018-08-29,2.7,2.7,2.7,2.7,22100
2018-08-30,2.6,2.7,2.6,2.7,15100
2018-08-31,2.6,2.7,2.6,2.7,11200
2018-09-04,2.6,2.7,2.6,2.7,600
2018-09-05,2.6,2.8,2.6,2.8,22300
2018-09-06,2.7,2.7,2.7,2.7,400
2018-09-07,2.6,2.7,2.6,2.7,6100
2018-09-10,2.7,2.8,2.7,2.8,54900
2018-09-11,2.7,2.8,2.7,2.8,8100
2018-09-12,2.7,3.0,2.7,3.0,123600
2018-09-13,2.9,3.0,2.8,3.0,10100
2018-09-14,2.9,3.0,2.9,2.9,6900
2018-09-17,2.9,2.9,2.9,2.9,8400
2018-09-18,2.8,2.9,2.8,2.9,3200
2018-09-19,3.0,3.0,3.0,3.0,6000
2018-09-20,3.0,3.0,3.0,3.0,5000
2018-09-21,2.9,3.0,2.9,3.0,1000
2018-09-24,2.9,3.0,2.9,3.0,6700
2018-09-25,2.9,3.0,2.9,3.0,5800
2018-09-26,3.0,3.0,2.9,3.0,6800
2018-09-27,3.0,3.0,2.9,3.0,45800
2018-09-28,3.0,3.1,3.0,3.1,1500
2018-10-01,3.1,3.1,3.1,3.1,1000
2018-10-02,3.0,3.0,2.9,2.9,16800
2018-10-03,3.0,3.0,2.9,3.0,4400
2018-10-04,3.0,3.0,3.0,3.0,200
2018-10-05,3.0,3.1,3.0,3.0,41600
2018-10-08,3.1,3.1,3.0,3.0,22200
2018-10-09,3.1,3.2,3.0,3.2,9200
2018-10-10,3.2,3.2,3.1,3.1,51500
2018-10-11,3.0,3.0,2.8,2.9,60600
2018-10-12,2.8,2.9,2.7,2.9,6500
2018-10-15,2.8,2.8,2.7,2.7,23300
2018-10-16,2.6,2.7,2.5,2.7,30100
2018-10-17,2.7,2.7,2.7,2.7,1100
2018-10-18,2.7,2.7,2.7,2.7,1100
2018-10-19,2.7,2.7,2.6,2.7,7100
2018-10-22,2.7,2.7,2.7,2.7,0
2018-10-23,2.7,2.7,2.7,2.7,0
2018-10-24,2.7,2.7,2.6,2.7,7600
2018-10-25,2.6,2.7,2.6,2.7,1100
2018-10-26,2.6,2.7,2.5,2.7,4900
2018-10-29,2.6,2.7,2.6,2.7,3800
2018-10-30,2.7,2.7,2.6,2.7,8100
2018-10-31,2.7,2.8,2.6,2.8,7300
2018-11-01,2.7,2.8,2.6,2.8,7100
2018-11-02,2.7,2.8,2.7,2.7,3300
2018-11-05,2.8,2.8,2.7,2.8,2700
2018-11-06,2.8,2.8,2.8,2.8,5000
2018-11-07,2.7,2.8,2.7,2.8,11900
2018-11-08,2.8,2.8,2.8,2.8,0
2018-11-09,2.8,2.8,2.7,2.8,24400
2018-11-12,2.7,2.9,2.7,2.9,5700
2018-11-13,2.7,2.9,2.7,2.9,400
2018-11-14,2.7,2.9,2.7,2.9,200
2018-11-15,2.9,2.9,2.8,2.8,21100
2018-11-16,2.8,2.9,2.8,2.9,200
2018-11-19,2.9,2.9,2.9,2.9,7000
2018-11-20,2.9,2.9,2.9,2.9,0
2018-11-21,2.9,2.9,2.9,2.9,300
2018-11-22,2.8,2.9,2.8,2.9,600
2018-11-23,2.9,2.9,2.9,2.9,5000
2018-11-26,2.9,2.9,2.9,2.9,2500
2018-11-27,2.8,2.9,2.8,2.9,12800
2018-11-28,2.8,2.9,2.8,2.9,22400
2018-11-29,2.8,2.9,2.8,2.8,25900
2018-11-30,2.9,2.9,2.8,2.9,16100
2018-12-03,3.0,3.0,3.0,3.0,100
2018-12-04,3.0,3.0,3.0,3.0,0
2018-12-05,2.9,2.9,2.9,2.9,10000
2018-12-06,2.9,3.0,2.9,3.0,12100
2018-12-07,2.9,2.9,2.9,2.9,5900
2018-12-10,2.9,2.9,2.9,2.9,7700
2018-12-11,3.0,3.0,3.0,3.0,100
2018-12-12,2.9,3.0,2.9,3.0,5300
2018-12-13,2.9,2.9,2.9,2.9,500
2018-12-14,2.8,2.9,2.8,2.9,1500
2018-12-17,2.9,2.9,2.9,2.9,2500
2018-12-18,2.9,2.9,2.9,2.9,0
2018-12-19,2.8,2.9,2.8,2.9,1300
2018-12-20,2.9,2.9,2.9,2.9,0
2018-12-21,2.8,2.9,2.8,2.9,2100
2018-12-24,2.9,2.9,2.9,2.9,0
2018-12-25,2.8,2.8,2.7,2.8,4800
2018-12-26,2.7,2.9,2.7,2.9,16800
2018-12-27,2.9,2.9,2.8,2.9,4200
2018-12-28,2.8,3.0,2.8,3.0,4100
2019-01-02,2.9,2.9,2.8,2.8,1100
2019-01-03,2.7,2.9,2.7,2.9,32700
2019-01-04,2.8,3.0,2.7,3.0,114900
2019-01-07,2.8,2.9,2.8,2.9,9100
2019-01-08,2.8,2.9,2.8,2.9,29200
2019-01-09,2.9,2.9,2.9,2.9,5800
2019-01-10,2.9,2.9,2.8,2.8,4800
2019-01-11,2.7,2.9,2.7,2.8,10300
2019-01-14,2.8,2.8,2.8,2.8,1000
2019-01-15,2.7,2.8,2.7,2.8,200
2019-01-16,2.8,2.8,2.8,2.8,1400
2019-01-17,2.8,2.8,2.8,2.8,100
2019-01-18,2.8,2.9,2.8,2.8,8200
2019-01-21,2.9,2.9,2.8,2.8,7600
2019-01-22,2.8,2.8,2.8,2.8,100
2019-01-23,2.8,3.0,2.8,3.0,47000
2019-01-24,3.0,3.0,2.9,2.9,500
2019-01-25,3.0,3.0,2.9,2.9,1100
2019-01-28,3.0,3.0,2.9,2.9,5100
2019-01-29,2.9,2.9,2.8,2.9,6400
2019-01-30,2.9,2.9,2.9,2.9,0
2019-01-31,2.9,2.9,2.9,2.9,1100
2019-02-01,2.7,3.0,2.7,2.8,300
2019-02-11,2.8,2.8,2.8,2.8,1100
2019-02-12,2.8,2.9,2.8,2.9,1400
2019-02-13,2.9,2.9,2.8,2.8,1400
2019-02-14,2.9,2.9,2.8,2.8,1100
2019-02-15,2.8,2.8,2.8,2.8,4100
2019-02-18,2.9,2.9,2.8,2.8,800
2019-02-19,2.9,2.9,2.8,2.8,6600
2019-02-20,2.9,2.9,2.8,2.8,900
2019-02-21,2.9,2.9,2.8,2.8,5300
2019-02-22,2.9,3.0,2.8,2.9,17200
2019-02-25,3.0,3.0,2.9,2.9,10100
2019-02-26,2.9,3.0,2.8,2.8,3100
2019-02-27,3.0,3.0,2.8,2.8,10100
2019-02-28,2.9,3.0,2.8,2.9,9300
2019-03-01,3.0,3.1,2.8,2.9,17400
2019-03-04,3.0,3.1,2.9,2.9,10900
2019-03-05,3.0,3.0,2.9,2.9,39800
2019-03-06,3.1,3.1,2.9,3.0,16300
2019-03-07,3.1,3.2,3.1,3.2,12900
2019-03-08,3.0,3.1,3.0,3.1,1200
2019-03-11,3.0,3.1,3.0,3.0,1100
2019-03-12,3.0,3.1,3.0,3.0,21100
2019-03-13,3.1,3.1,2.9,2.9,2200
2019-03-14,3.1,3.1,3.0,3.0,5700
2019-03-15,3.1,3.1,3.1,3.1,6200
2019-03-18,2.9,3.2,2.9,3.1,600
2019-03-19,3.0,3.2,3.0,3.0,600
2019-03-20,3.2,3.2,3.0,3.0,400
2019-03-21,3.0,3.0,3.0,3.0,100
2019-03-22,3.0,3.1,3.0,3.0,3300
2019-03-25,3.0,3.3,2.9,3.0,44300
2019-03-26,2.9,2.9,2.9,2.9,100
2019-03-27,3.0,3.1,2.9,3.1,14300
2019-03-28,3.1,3.4,3.1,3.2,46600
2019-03-29,3.2,3.4,3.1,3.3,27200
2019-04-01,3.2,3.2,3.2,3.2,2000
2019-04-02,3.2,3.2,3.1,3.2,4300
2019-04-03,3.2,3.2,3.1,3.1,300
2019-04-04,3.1,3.1,3.0,3.0,200
2019-04-05,3.1,3.1,3.0,3.0,200
2019-04-08,3.1,3.1,3.1,3.1,900
2019-04-09,3.2,3.2,3.2,3.2,43700
2019-04-10,3.1,3.1,2.9,3.1,1100
2019-04-11,3.1,3.2,3.1,3.2,20500
2019-04-12,3.2,3.2,3.2,3.2,3700
2019-04-16,3.0,3.2,3.0,3.2,200
2019-04-17,3.2,3.2,3.2,3.2,0
2019-04-18,3.1,3.2,3.1,3.2,2100
2019-04-19,3.2,3.2,3.2,3.2,13700
2019-04-22,3.2,3.2,3.2,3.2,0
2019-04-23,3.2,3.2,3.1,3.2,5900
2019-04-24,3.1,3.1,3.1,3.1,1100
2019-04-25,3.1,3.1,3.0,3.0,8200
2019-04-26,3.1,3.1,3.1,3.1,3200
2019-05-02,3.1,3.1,3.1,3.1,0
2019-05-03,3.1,3.1,3.1,3.1,0
2019-05-06,3.1,3.1,3.1,3.1,4400
2019-05-07,3.1,3.1,3.1,3.1,3000
2019-05-08,3.1,3.1,3.1,3.1,0
2019-05-09,3.0,3.0,3.0,3.0,400
2019-05-10,3.0,3.0,3.0,3.0,0
2019-05-13,3.0,3.0,3.0,3.0,0
2019-05-14,3.0,3.0,3.0,3.0,0
2019-05-15,3.0,3.0,3.0,3.0,0
2019-05-16,3.0,3.0,3.0,3.0,0
2019-05-17,3.0,3.0,3.0,3.0,0
2019-05-20,3.0,3.0,3.0,3.0,100
2019-05-21,3.0,3.0,3.0,3.0,0
2019-05-22,3.0,3.0,3.0,3.0,100
2019-05-23,3.0,3.0,3.0,3.0,100
2019-05-24,3.0,3.0,3.0,3.0,0
2019-05-27,3.0,3.0,3.0,3.0,0
2019-05-28,2.7,2.7,2.7,2.7,700
2019-05-29,2.8,2.8,2.7,2.8,3600
2019-05-30,2.8,2.8,2.8,2.8,0
2019-05-31,2.9,2.9,2.8,2.8,2000
2019-06-03,2.9,2.9,2.7,2.7,31200
2019-06-04,2.7,2.7,2.7,2.7,0
2019-06-05,2.5,2.5,2.5,2.5,100
2019-06-06,2.5,2.6,2.5,2.6,2000
2019-06-07,2.8,2.8,2.8,2.8,100
2019-06-10,2.8,2.8,2.8,2.8,0
2019-06-11,2.8,3.0,2.8,2.8,3200
2019-06-12,2.8,2.8,2.8,2.8,0
2019-06-13,2.8,2.8,2.8,2.8,200
2019-06-14,2.6,3.0,2.6,3.0,800
2019-06-17,3.3,3.3,3.3,3.3,100
2019-06-18,3.3,3.3,3.3,3.3,0
2019-06-19,3.3,3.3,3.3,3.3,0
2019-06-20,3.3,3.3,3.3,3.3,0
2019-06-21,3.3,3.3,3.3,3.3,0
2019-06-24,3.3,3.3,3.3,3.3,0
2019-06-25,3.3,3.3,3.3,3.3,0
2019-06-26,3.0,3.0,3.0,3.0,4000
2019-06-27,2.8,2.8,2.8,2.8,1300
2019-06-28,2.8,2.8,2.6,2.7,2000
2019-07-01,2.5,2.9,2.5,2.9,200
2019-07-02,2.7,2.7,2.7,2.7,800
2019-07-03,2.7,2.7,2.7,2.7,0
2019-07-04,2.5,2.5,2.5,2.5,100
2019-07-05,2.7,2.7,2.7,2.7,300
2019-07-08,2.8,2.8,2.8,2.8,3000
2019-07-09,2.8,2.8,2.8,2.8,0
2019-07-10,2.6,2.6,2.6,2.6,2700
2019-07-11,2.5,2.5,2.5,2.5,300
2019-07-12,2.7,2.7,2.7,2.7,5600
2019-07-15,2.7,2.7,2.7,2.7,0
2019-07-16,2.7,2.7,2.7,2.7,0
2019-07-17,2.7,2.7,2.7,2.7,0
2019-07-18,2.7,2.7,2.7,2.7,0
2019-07-19,2.7,2.7,2.7,2.7,0
2019-07-22,2.7,2.7,2.7,2.7,0
2019-07-23,2.7,2.7,2.7,2.7,0
2019-07-24,2.7,2.7,2.7,2.7,0
2019-07-25,2.7,2.7,2.7,2.7,0
2019-07-26,2.7,2.7,2.7,2.7,0
2019-07-29,2.7,2.7,2.7,2.7,0
2019-07-30,2.7,2.7,2.7,2.7,0
2019-07-31,2.7,2.7,2.7,2.7,0
2019-08-01,2.7,2.7,2.7,2.7,0
2019-08-02,2.7,2.7,2.7,2.7,0
2019-08-05,2.5,2.5,2.5,2.5,100
2019-08-06,2.5,2.5,2.5,2.5,0
2019-08-07,2.5,2.5,2.5,2.5,0
2019-08-08,2.4,2.4,2.4,2.4,600
2019-08-09,2.4,2.4,2.4,2.4,0
2019-08-12,2.4,2.4,2.4,2.4,0
2019-08-13,2.4,2.4,2.4,2.4,0
2019-08-14,2.4,2.4,2.4,2.4,0
2019-08-15,2.4,2.4,2.4,2.4,0
2019-08-16,2.4,2.4,2.4,2.4,0
2019-08-19,2.4,2.4,2.4,2.4,0
2019-08-20,2.4,2.4,2.4,2.4,0
2019-08-21,2.5,2.5,2.5,2.5,200
2019-08-22,2.5,2.5,2.5,2.5,0
2019-08-23,2.5,2.5,2.5,2.5,0
2019-08-26,2.5,2.5,2.5,2.5,0
2019-08-27,2.5,2.5,2.5,2.5,0
2019-08-28,2.5,2.5,2.3,2.3,200
2019-08-29,2.2,2.2,2.1,2.1,12600
2019-08-30,2.1,2.1,2.1,2.1,0
2019-09-03,2.1,2.1,2.1,2.1,0
2019-09-04,2.0,2.0,1.9,1.9,200
2019-09-05,2.0,2.0,1.9,1.9,1600
2019-09-06,1.9,1.9,1.9,1.9,1000
2019-09-09,2.0,2.0,2.0,2.0,1000
2019-09-10,2.0,2.0,1.8,1.8,300
2019-09-11,1.8,1.8,1.8,1.8,0
2019-09-12,1.8,1.8,1.8,1.8,0
2019-09-13,1.8,1.8,1.7,1.7,200
2019-09-16,1.6,1.6,1.6,1.6,100
2019-09-17,1.6,1.6,1.6,1.6,0
2019-09-18,1.7,1.7,1.7,1.7,100
2019-09-19,1.7,1.7,1.7,1.7,0
2019-09-20,1.8,1.8,1.8,1.8,900
2019-09-23,1.9,1.9,1.9,1.9,800
2019-09-24,1.8,2.0,1.8,2.0,5400
2019-09-25,2.2,2.2,2.2,2.2,6600
2019-09-26,2.0,2.0,2.0,2.0,500
2019-09-27,2.0,2.0,2.0,2.0,0
2019-09-30,2.0,2.0,1.9,1.9,2300
2019-10-01,1.8,1.8,1.8,1.8,1400
2019-10-02,1.8,1.8,1.8,1.8,5200
2019-10-03,1.8,1.8,1.8,1.8,0
2019-10-04,1.9,1.9,1.9,1.9,200
2019-10-07,2.0,2.0,2.0,2.0,200
2019-10-08,2.2,2.2,1.9,2.1,7500
2019-10-09,1.9,1.9,1.9,1.9,100
2019-10-10,1.9,1.9,1.9,1.9,0
2019-10-11,1.9,1.9,1.9,1.9,0
2019-10-14,1.9,2.0,1.9,2.0,8000
2019-10-15,2.0,2.0,2.0,2.0,0
2019-10-16,1.8,2.0,1.8,2.0,4100
2019-10-17,2.0,2.0,2.0,2.0,0
2019-10-18,1.9,1.9,1.9,1.9,3000
2019-10-21,2.0,2.0,2.0,2.0,4000
2019-10-22,2.0,2.0,2.0,2.0,200
2019-10-23,2.0,2.0,2.0,2.0,21000
2019-10-24,2.0,2.0,1.9,1.9,17100
2019-10-25,1.9,1.9,1.9,1.9,0
2019-10-28,2.0,2.0,2.0,2.0,2200
2019-10-29,1.9,1.9,1.9,1.9,400
2019-10-30,1.9,1.9,1.9,1.9,800
2019-10-31,1.9,1.9,1.8,1.8,16500
2019-11-01,1.9,1.9,1.9,1.9,5000
2019-11-04,1.9,1.9,1.8,1.8,4000
2019-11-05,1.8,1.8,1.7,1.7,3500
2019-11-06,1.8,1.8,1.8,1.8,4100
2019-11-07,1.8,1.8,1.8,1.8,0
2019-11-08,1.8,1.8,1.8,1.8,0
2019-11-11,1.7,1.7,1.7,1.7,100
2019-11-12,1.7,1.7,1.7,1.7,0
2019-11-13,1.7,1.7,1.7,1.7,700
2019-11-14,1.8,1.8,1.8,1.8,300
2019-11-15,1.9,1.9,1.9,1.9,700
2019-11-18,2.0,2.0,2.0,2.0,15100
2019-11-19,2.2,2.2,2.2,2.2,2800
2019-11-20,2.4,2.4,2.4,2.4,3200
2019-11-21,2.6,2.6,2.2,2.6,11800
2019-11-22,2.4,2.6,2.4,2.6,5500
2019-11-25,2.6,2.6,2.6,2.6,0
2019-11-26,2.7,2.7,2.5,2.5,200
2019-11-27,2.3,2.3,2.3,2.3,400
2019-11-28,2.3,2.3,2.3,2.3,0
2019-11-29,2.1,2.3,2.1,2.3,3200
2019-12-02,2.1,2.1,2.1,2.1,6900
2019-12-03,1.9,1.9,1.9,1.9,9900
2019-12-04,1.9,1.9,1.9,1.9,0
2019-12-05,1.8,1.8,1.8,1.8,300
2019-12-06,1.9,1.9,1.8,1.8,800
2019-12-09,1.9,1.9,1.9,1.9,2300
2019-12-10,2.0,2.0,2.0,2.0,8600
2019-12-11,2.2,2.2,2.0,2.0,2100
2019-12-12,1.8,1.9,1.8,1.9,300
2019-12-13,1.9,1.9,1.9,1.9,2100
2019-12-16,1.9,1.9,1.9,1.9,200
2019-12-17,1.9,1.9,1.9,1.9,7100
2019-12-18,1.9,1.9,1.9,1.9,0
2019-12-19,1.9,1.9,1.9,1.9,0
2019-12-20,1.9,1.9,1.9,1.9,400
2019-12-23,1.9,1.9,1.9,1.9,100
2019-12-24,1.8,1.8,1.8,1.8,100
2019-12-25,1.9,1.9,1.9,1.9,100
2019-12-26,1.9,1.9,1.9,1.9,50
2019-12-27,1.9,1.9,1.9,1.9,0
2019-12-30,1.9,1.9,1.8,1.8,600
2019-12-31,1.9,1.9,1.9,1.9,2020
2020-01-02,2.0,2.0,1.9,2.0,3600
2020-01-03,2.0,2.0,2.0,2.0,0
2020-01-06,1.8,2.1,1.8,2.1,200
2020-01-07,2.1,2.1,2.1,2.1,0
2020-01-08,2.1,2.1,2.1,2.1,0
2020-01-09,2.1,2.1,2.1,2.1,0
2020-01-10,1.9,1.9,1.9,1.9,1100
2020-01-13,1.9,1.9,1.9,1.9,0
2020-01-14,2.0,2.0,2.0,2.0,600
2020-01-15,2.0,2.0,1.8,1.9,1400
2020-01-16,2.0,2.0,2.0,2.0,130
2020-01-17,2.0,2.0,2.0,2.0,0
2020-01-20,2.0,2.2,2.0,2.2,300
2020-01-21,2.2,2.2,2.2,2.2,0
2020-01-22,2.2,2.2,2.2,2.2,0
2020-01-30,2.2,2.2,2.2,2.2,0
2020-01-31,2.2,2.2,2.2,2.2,0
2020-02-03,2.2,2.2,2.2,2.2,0
2020-02-04,2.0,2.2,2.0,2.0,500
2020-02-05,2.2,2.2,2.2,2.2,500
2020-02-06,2.4,2.4,2.4,2.4,7400
2020-02-07,2.4,2.4,2.4,2.4,0
2020-02-10,2.2,2.2,2.2,2.2,110
2020-02-11,2.2,2.2,2.2,2.2,0
2020-02-12,2.2,2.2,2.2,2.2,0
2020-02-13,2.1,2.1,2.1,2.1,300
2020-02-14,2.0,2.0,2.0,2.0,200
2020-02-17,2.0,2.0,1.8,1.8,3100
2020-02-18,1.8,1.9,1.8,1.9,600
2020-02-19,1.9,1.9,1.9,1.9,10
2020-02-20,1.9,1.9,1.9,1.9,10
2020-02-21,2.0,2.0,2.0,2.0,100
2020-02-24,2.0,2.0,2.0,2.0,0
2020-02-25,2.0,2.1,2.0,2.1,13900
2020-02-26,2.1,2.1,2.0,2.0,12600
2020-02-27,2.0,2.0,2.0,2.0,0
2020-02-28,2.1,2.1,2.1,2.1,8400
2020-03-02,2.1,2.1,2.1,2.1,1250
2020-03-03,2.1,2.1,2.1,2.1,304
2020-03-04,2.0,2.0,2.0,2.0,300
2020-03-05,2.0,2.0,1.9,2.0,6500
2020-03-06,2.0,2.0,2.0,2.0,1100
2020-03-09,2.0,2.0,1.8,1.8,9900
2020-03-10,1.9,1.9,1.7,1.9,15200
2020-03-11,1.9,1.9,1.9,1.9,2200
2020-03-12,1.8,1.8,1.8,1.8,1000
2020-03-13,1.8,1.8,1.7,1.7,5200
2020-03-16,1.7,1.7,1.6,1.6,11200
2020-03-17,1.6,1.6,1.5,1.6,6300
2020-03-18,1.6,1.6,1.6,1.6,0
2020-03-19,1.6,1.7,1.6,1.7,1100
2020-03-20,1.7,1.7,1.7,1.7,100
2020-03-23,1.8,1.8,1.8,1.8,100
2020-03-24,1.8,1.8,1.7,1.7,10100
2020-03-25,1.7,1.7,1.7,1.7,0
2020-03-26,1.7,1.7,1.7,1.7,0
2020-03-27,1.7,1.7,1.7,1.7,0
2020-03-30,1.6,1.6,1.6,1.6,300
2020-03-31,1.6,1.6,1.6,1.6,2100
2020-04-01,1.6,1.6,1.6,1.6,1200
2020-04-03,1.7,1.7,1.7,1.7,100
2020-04-06,1.8,1.8,1.8,1.8,4100
2020-04-07,1.8,1.8,1.8,1.8,0
2020-04-08,1.8,1.8,1.8,1.8,0
2020-04-09,1.9,1.9,1.7,1.9,12100
2020-04-10,1.9,1.9,1.9,1.9,0
2020-04-13,1.8,1.8,1.8,1.8,100
2020-04-14,1.8,1.8,1.8,1.8,500
2020-04-15,1.8,1.8,1.8,1.8,200
2020-04-16,1.7,1.9,1.7,1.9,4200
2020-04-17,1.8,1.9,1.8,1.9,5300
2020-04-20,1.9,2.0,1.8,2.0,11400
2020-04-21,1.9,2.2,1.9,2.2,3500
2020-04-22,2.2,2.2,2.2,2.2,0
2020-04-23,2.2,2.2,2.2,2.2,0
2020-04-24,2.2,2.2,2.2,2.2,0
2020-04-27,2.2,2.2,2.2,2.2,0
2020-04-28,2.4,2.4,2.4,2.4,900
2020-04-29,2.4,2.6,2.2,2.2,32000
2020-05-04,2.0,2.0,2.0,2.0,100
2020-05-05,1.8,1.8,1.8,1.8,1010
2020-05-06,1.7,1.7,1.7,1.7,20210
2020-05-07,1.7,1.7,1.7,1.7,0
2020-05-08,1.8,1.8,1.8,1.8,100
2020-05-11,1.8,1.8,1.8,1.8,8300
2020-05-12,1.8,1.8,1.8,1.8,0
2020-05-13,1.8,1.8,1.8,1.8,0
2020-05-14,1.7,1.7,1.7,1.7,5000
2020-05-15,1.7,1.7,1.7,1.7,9100
2020-05-18,1.7,1.7,1.7,1.7,0
2020-05-19,1.7,1.7,1.7,1.7,0
2020-05-20,1.8,1.8,1.8,1.8,10910
2020-05-21,1.8,1.8,1.8,1.8,0
2020-05-22,1.8,1.8,1.7,1.7,5700
2020-05-25,1.8,1.8,1.7,1.7,2000
2020-05-26,1.8,1.8,1.8,1.8,6000
2020-05-27,1.8,1.8,1.8,1.8,100
2020-05-28,1.9,1.9,1.8,1.8,2500
2020-05-29,1.7,1.7,1.7,1.7,100
2020-06-01,1.8,1.8,1.7,1.7,2900
2020-06-02,1.7,1.8,1.7,1.8,2400
2020-06-03,1.8,1.8,1.7,1.7,4000
2020-06-04,1.8,1.8,1.8,1.8,7000
2020-06-05,1.9,1.9,1.7,1.8,2310
2020-06-08,1.9,1.9,1.7,1.9,2222
2020-06-09,2.0,2.0,1.8,1.8,26410
2020-06-10,1.8,1.9,1.8,1.9,14504
2020-06-11,2.0,2.0,2.0,2.0,4700
2020-06-12,1.9,1.9,1.8,1.9,11800
2020-06-15,1.9,2.0,1.8,2.0,12100
2020-06-16,1.9,1.9,1.9,1.9,3300
2020-06-17,2.0,2.0,1.9,2.0,300
2020-06-18,1.9,1.9,1.9,1.9,800
2020-06-19,1.9,2.0,1.9,2.0,22020
2020-06-22,1.9,2.2,1.9,2.2,17810
2020-06-23,2.1,2.1,2.1,2.1,1200
2020-06-24,2.1,2.1,2.1,2.1,0
2020-06-25,1.9,2.3,1.9,2.3,10100
2020-06-26,2.3,2.3,2.3,2.3,300
2020-06-29,2.3,2.3,2.3,2.3,200
2020-06-30,2.1,2.5,2.1,2.1,38790
2020-07-01,1.9,1.9,1.9,1.9,500
2020-07-02,1.9,1.9,1.9,1.9,200
2020-07-03,1.8,2.0,1.8,2.0,200
2020-07-06,1.9,1.9,1.9,1.9,7500
2020-07-07,1.9,1.9,1.9,1.9,700
2020-07-08,1.9,1.9,1.8,1.8,8100
2020-07-09,1.8,1.8,1.8,1.8,0
2020-07-10,1.8,1.8,1.8,1.8,0
2020-07-13,1.8,1.8,1.8,1.8,0
2020-07-14,1.8,1.8,1.8,1.8,0
2020-07-15,1.8,1.8,1.8,1.8,0
2020-07-16,1.8,1.8,1.8,1.8,0
2020-07-17,1.9,1.9,1.9,1.9,100
2020-07-20,1.9,1.9,1.9,1.9,0
2020-07-21,1.9,1.9,1.9,1.9,0
2020-07-22,1.8,2.0,1.8,2.0,600
2020-07-23,1.8,1.8,1.8,1.8,100
2020-07-24,1.8,1.9,1.8,1.9,3300
2020-07-27,1.9,1.9,1.9,1.9,0
2020-07-28,1.9,1.9,1.9,1.9,7000
2020-07-29,1.9,1.9,1.9,1.9,12800
2020-07-30,1.9,1.9,1.9,1.9,0
2020-07-31,1.9,1.9,1.8,1.8,8100
2020-08-03,1.8,1.9,1.8,1.8,400
2020-08-04,1.8,1.8,1.8,1.8,0
2020-08-05,1.8,1.8,1.8,1.8,100
2020-08-06,1.8,1.9,1.8,1.9,1100
2020-08-07,2.0,2.0,2.0,2.0,100
2020-08-10,1.9,1.9,1.9,1.9,100
2020-08-11,1.9,1.9,1.9,1.9,100
2020-08-12,1.9,1.9,1.9,1.9,100
2020-08-13,1.9,1.9,1.9,1.9,9000
2020-08-14,1.9,1.9,1.9,1.9,9100
2020-08-17,1.9,1.9,1.8,1.9,19900
2020-08-18,1.9,1.9,1.9,1.9,600
2020-08-19,1.9,1.9,1.9,1.9,10600
2020-08-20,1.9,1.9,1.9,1.9,10000
2020-08-21,1.9,1.9,1.9,1.9,2000
2020-08-24,1.9,1.9,1.9,1.9,200
2020-08-25,1.9,1.9,1.9,1.9,300
2020-08-26,1.9,1.9,1.9,1.9,0
2020-08-27,1.9,1.9,1.9,1.9,0
2020-08-28,1.9,1.9,1.9,1.9,0
2020-08-31,1.8,1.8,1.8,1.8,2000
2020-09-01,1.8,1.8,1.8,1.8,0
2020-09-03,1.8,1.8,1.8,1.8,0
2020-09-04,1.9,1.9,1.9,1.9,58700
2020-09-07,2.0,2.0,2.0,2.0,200
2020-09-08,2.1,2.1,1.9,1.9,201
2020-09-09,1.9,2.0,1.9,2.0,11400
2020-09-10,2.1,2.1,2.1,2.1,100
2020-09-11,2.1,2.1,2.1,2.1,1
2020-09-14,2.1,2.1,2.1,2.1,0
2020-09-15,2.1,2.1,2.0,2.0,26400
2020-09-16,2.1,2.2,2.1,2.2,19800
2020-09-17,2.3,2.4,2.3,2.4,44100
2020-09-18,2.4,2.6,2.4,2.6,98900
2020-09-21,2.6,2.8,2.6,2.8,65800
2020-09-22,2.6,2.6,2.6,2.6,1100
2020-09-23,2.4,2.6,2.4,2.4,24200
2020-09-24,2.3,2.5,2.3,2.5,3000
2020-09-25,2.4,2.4,2.4,2.4,2300
2020-09-28,2.2,2.2,2.2,2.2,4100
2020-09-29,2.2,2.2,2.0,2.2,23200
2020-09-30,2.2,2.2,2.2,2.2,900
2020-10-01,2.4,2.4,2.4,2.4,9100
2020-10-02,2.5,2.5,2.3,2.3,13900
2020-10-05,2.5,2.5,2.4,2.4,1100
2020-10-06,2.4,2.4,2.4,2.4,500
2020-10-07,2.3,2.3,2.3,2.3,200
2020-10-08,2.2,2.5,2.2,2.2,1300
2020-10-09,2.1,2.4,2.1,2.4,1100
2020-10-12,2.3,2.3,2.3,2.3,2500
2020-10-13,2.2,2.4,2.2,2.4,2600
2020-10-14,2.2,2.2,2.2,2.2,2800
2020-10-15,2.2,2.2,2.2,2.2,200
2020-10-16,2.1,2.3,2.1,2.3,800
2020-10-19,2.1,2.3,2.1,2.3,2500
2020-10-20,2.3,2.3,2.1,2.1,5100
2020-10-21,2.2,2.3,2.2,2.3,10900
2020-10-22,2.4,2.4,2.1,2.1,48700
2020-10-23,2.0,2.3,1.9,2.0,43300
2020-10-26,2.1,2.1,1.9,2.0,19900
2020-10-27,2.1,2.2,2.0,2.0,9200
2020-10-28,2.0,2.1,2.0,2.0,13500
2020-10-29,2.0,2.0,1.9,1.9,13200
2020-10-30,2.0,2.0,2.0,2.0,27500
2020-11-02,2.0,2.2,2.0,2.2,20100
2020-11-03,2.2,2.2,2.0,2.1,52200
2020-11-04,2.1,2.1,2.1,2.1,0
2020-11-05,2.2,2.2,2.2,2.2,2100
2020-11-06,2.2,2.2,2.1,2.2,11900
2020-11-09,2.2,2.3,2.2,2.3,2200
2020-11-10,2.3,2.3,2.3,2.3,200
2020-11-11,2.3,2.3,2.3,2.3,0
2020-11-12,2.3,2.3,2.3,2.3,0
2020-11-13,2.1,2.1,2.1,2.1,5600
2020-11-16,2.1,2.2,2.1,2.2,79700
2020-11-17,2.2,2.4,2.2,2.4,5500
2020-11-18,2.4,2.4,2.4,2.4,100
2020-11-19,2.4,2.4,2.4,2.4,0
2020-11-20,2.2,2.3,2.2,2.3,11100
2020-11-23,2.2,2.3,2.2,2.3,4100
2020-11-24,2.4,2.4,2.1,2.2,300
2020-11-25,2.2,2.2,2.2,2.2,100
2020-11-26,2.1,2.3,2.1,2.3,15300
2020-11-27,2.2,2.4,2.2,2.4,300
2020-11-30,2.2,2.3,2.2,2.3,200
2020-12-01,2.2,2.3,2.2,2.3,2200
2020-12-02,2.3,2.3,2.3,2.3,0
2020-12-03,2.3,2.3,2.3,2.3,0
2020-12-04,2.1,2.4,2.1,2.4,200
2020-12-07,2.3,2.3,2.3,2.3,10500
2020-12-08,2.2,2.4,2.2,2.4,2200
2020-12-09,2.4,2.6,2.4,2.6,315800
2020-12-10,2.6,2.7,2.6,2.6,178600
2020-12-11,2.5,2.7,2.5,2.5,12900
2020-12-14,2.6,2.7,2.5,2.7,52900
2020-12-15,2.7,2.7,2.6,2.7,233400
2020-12-16,2.8,2.9,2.8,2.9,121200
2020-12-17,3.1,3.1,3.1,3.1,400500
2020-12-18,3.3,3.3,3.0,3.1,158000
2020-12-21,3.3,3.4,3.1,3.4,359000
2020-12-22,3.5,3.7,3.5,3.7,253700
2020-12-23,4.0,4.0,3.6,3.8,305200
2020-12-24,3.8,3.8,3.5,3.5,290700
2020-12-25,3.5,3.8,3.3,3.7,159200
2020-12-28,3.8,3.9,3.6,3.7,289900
2020-12-29,3.6,3.6,3.5,3.5,136700
2020-12-30,3.6,3.7,3.4,3.6,155300
2020-12-31,3.4,3.6,3.4,3.6,113620
2021-01-04,3.6,3.7,3.6,3.6,119500
2021-01-05,3.6,3.6,3.5,3.6,52000
2021-01-06,3.6,3.7,3.5,3.7,120720
2021-01-07,3.7,4.0,3.7,4.0,657100
2021-01-08,4.3,4.4,4.1,4.4,356500
2021-01-11,4.8,4.8,4.7,4.8,261220
2021-01-12,5.1,5.1,4.5,4.7,381300
2021-01-13,4.5,4.6,4.4,4.6,293300
2021-01-14,4.6,5.0,4.3,5.0,279300
2021-01-15,5.2,5.5,5.1,5.5,394800
2021-01-18,5.5,6.0,5.5,6.0,199790
2021-01-19,6.5,6.6,5.4,6.4,898410
2021-01-20,6.8,6.9,5.8,6.5,266000
2021-01-21,6.6,7.1,6.4,7.1,344666
2021-01-22,7.2,7.7,7.1,7.2,386910
2021-01-25,7.3,7.3,6.5,6.5,333090
2021-01-26,6.5,6.5,5.9,5.9,137600
2021-01-27,5.4,5.4,5.4,5.4,41720
2021-01-28,4.9,4.9,4.9,4.9,19600
2021-01-29,4.5,4.9,4.5,4.5,544700
2021-02-01,4.7,4.7,4.1,4.1,219900
2021-02-02,4.1,4.5,3.8,4.2,36950
2021-02-03,4.2,4.6,4.0,4.6,159850
2021-02-04,4.7,5.0,4.6,4.8,91000
2021-02-05,4.8,4.9,4.6,4.8,57700
2021-02-08,4.8,4.9,4.4,4.5,179800
2021-02-09,4.6,4.7,4.4,4.6,65900
2021-02-17,4.6,4.9,4.6,4.9,69300
2021-02-18,4.9,5.1,4.8,4.9,89715
2021-02-19,4.8,4.9,4.7,4.8,113900
2021-02-22,4.7,4.8,4.6,4.6,67935
2021-02-23,4.6,4.8,4.6,4.8,52800
2021-02-24,4.8,5.0,4.6,4.8,135118
2021-02-25,4.8,4.8,4.6,4.8,25631
2021-02-26,4.6,4.7,4.5,4.7,82714
2021-03-01,4.7,4.8,4.6,4.8,98800
2021-03-02,4.8,4.8,4.7,4.8,154645
2021-03-03,4.8,5.2,4.8,5.2,458410
2021-03-04,5.5,5.7,5.4,5.7,359033
2021-03-05,5.9,6.1,5.8,6.0,218875
2021-03-08,6.0,6.2,5.7,6.0,245975
2021-03-09,5.9,6.0,5.6,5.9,103523
2021-03-10,5.8,5.9,5.7,5.9,211800
2021-03-11,5.9,6.2,5.7,6.1,367700
2021-03-12,6.1,6.5,6.1,6.3,617600
2021-03-15,6.3,6.4,6.2,6.3,214284
2021-03-16,6.3,6.3,6.0,6.2,238900
2021-03-17,6.0,6.2,6.0,6.1,165300
2021-03-18,6.1,6.2,6.1,6.2,133800
2021-03-19,6.2,6.5,6.1,6.4,463700
2021-03-22,6.4,6.5,6.3,6.4,139365
2021-03-23,6.4,6.5,6.3,6.5,266400
2021-03-24,6.4,6.4,6.0,6.1,247912
2021-03-25,6.0,6.2,5.9,6.0,261350
2021-03-26,6.0,6.0,5.5,6.0,276300
2021-03-29,6.1,6.3,5.9,6.3,377649
2021-03-30,6.3,6.4,6.2,6.4,219700
2021-03-31,6.3,6.4,6.0,6.3,387650
2021-04-01,6.3,6.9,6.3,6.9,598060
2021-04-02,7.5,7.5,7.4,7.5,287817
2021-04-05,8.0,8.2,7.6,7.6,860435
2021-04-06,7.6,8.3,7.2,8.3,684760
2021-04-07,8.7,9.1,8.4,9.1,536100
2021-04-08,9.0,9.1,8.5,8.8,365110
2021-04-09,8.7,8.7,8.3,8.6,340500
2021-04-12,8.5,9.0,8.4,8.8,550700
2021-04-13,9.0,9.6,8.9,9.3,550700
2021-04-14,9.3,9.6,8.8,9.5,312100
2021-04-15,9.5,9.5,9.0,9.1,321200
2021-04-16,9.2,9.2,8.6,8.6,329200
2021-04-19,8.6,8.9,8.4,8.7,134201
2021-04-20,8.7,9.0,8.4,8.6,129600
2021-04-22,8.4,8.4,7.8,7.8,353100
2021-04-23,7.5,7.9,7.1,7.9,163387
2021-04-26,7.6,7.7,7.2,7.2,170000
2021-04-27,6.9,7.0,6.6,6.7,162050
2021-04-28,6.5,7.3,6.5,7.3,93300
2021-04-29,7.2,7.8,7.2,7.5,60400
2021-05-04,7.4,7.5,6.8,7.4,135811
2021-05-05,7.4,8.0,7.2,7.8,234800
2021-05-06,7.8,7.8,7.4,7.7,130400
2021-05-07,7.2,7.5,7.0,7.0,186644
2021-05-10,6.7,7.4,6.7,7.4,74700
2021-05-11,7.6,7.6,7.2,7.4,54000
2021-05-12,7.2,7.4,6.8,7.4,49216
2021-05-13,7.4,7.4,7.1,7.4,72700
2021-05-14,7.2,8.0,7.1,7.6,236310
2021-05-17,7.6,7.8,7.3,7.5,39400
2021-05-18,7.4,7.4,7.2,7.2,24900
2021-05-19,7.1,7.3,7.1,7.3,55500
2021-05-20,7.0,7.6,7.0,7.4,136700
2021-05-21,7.4,7.6,7.2,7.4,32200
2021-05-24,7.4,7.5,7.3,7.3,51000
2021-05-25,7.3,7.6,7.2,7.4,154040
2021-05-26,7.5,7.6,7.4,7.6,225605
2021-05-27,7.7,8.3,7.6,8.3,656439
2021-05-28,8.3,9.0,8.3,8.8,199819
2021-05-31,8.8,9.6,8.5,9.6,522190
2021-06-01,10.0,10.5,9.8,10.5,868001
2021-06-02,10.6,10.6,9.5,10.0,289300
2021-06-03,10.1,10.5,9.5,10.4,538400
2021-06-04,10.4,10.4,9.6,9.6,304000
2021-06-07,9.5,9.6,8.7,8.7,406720
2021-06-08,8.6,8.9,8.0,8.0,211535
2021-06-09,8.0,8.8,7.7,8.8,205935
2021-06-10,9.3,9.3,8.6,8.9,145300
2021-06-11,8.8,9.1,8.6,8.8,137000
2021-06-14,8.8,9.2,8.5,9.0,261060
2021-06-15,8.8,9.1,8.7,8.9,126400
2021-06-16,9.7,9.7,8.6,8.8,98200
2021-06-17,8.8,8.8,8.6,8.7,99500
2021-06-18,8.8,8.8,8.5,8.6,201760
2021-06-21,8.8,8.8,8.5,8.6,61200
2021-06-22,8.5,8.8,8.5,8.7,65200
2021-06-23,8.5,9.2,8.5,8.8,323170
2021-06-24,9.0,9.0,8.8,8.8,32000
2021-06-25,8.9,9.1,8.6,9.1,197200
2021-06-28,9.1,9.5,9.0,9.0,103600
2021-06-29,8.9,9.1,8.8,9.0,108100
2021-06-30,9.0,9.0,8.7,8.8,49134
2021-07-01,8.8,9.3,8.7,9.1,289625
2021-07-02,9.2,10.0,9.1,10.0,565352
2021-07-05,10.0,10.5,9.5,9.5,153700
2021-07-06,9.6,9.6,8.8,8.8,217700
2021-07-07,8.8,8.8,8.0,8.4,456000
2021-07-08,8.4,8.7,8.1,8.3,67400
2021-07-09,8.3,8.3,7.6,7.6,106911
2021-07-12,7.9,7.9,6.9,6.9,186100
2021-07-13,7.1,7.3,6.9,7.3,97210
2021-07-14,7.5,7.5,7.1,7.3,27000
2021-07-15,7.2,7.5,7.1,7.5,54700
2021-07-16,7.5,7.6,7.2,7.3,59000
2021-07-19,7.0,7.0,6.6,6.8,162600
2021-07-20,6.8,7.1,6.4,7.1,62500
2021-07-21,7.4,7.4,6.8,7.2,31115
2021-07-22,7.0,7.4,7.0,7.2,107200
2021-07-23,7.2,7.2,6.8,7.0,83400
2021-07-26,6.7,7.0,6.7,7.0,25400
2021-07-27,7.0,7.2,7.0,7.2,88186
2021-07-28,7.2,7.3,7.0,7.1,81200
2021-07-29,7.1,7.3,7.0,7.3,57610
2021-07-30,7.2,7.4,7.2,7.2,169206
2021-08-02,7.3,7.3,7.1,7.2,66726
2021-08-03,7.3,7.4,7.1,7.4,106930
2021-08-04,7.4,8.1,7.3,8.1,460948
2021-08-05,8.3,8.5,8.1,8.2,124700
2021-08-06,8.2,8.2,7.8,7.9,148200
2021-08-09,7.7,8.1,7.6,8.0,246604
2021-08-10,8.0,8.1,7.9,8.0,115600
2021-08-11,7.9,8.0,7.8,8.0,242310
2021-08-12,7.9,8.1,7.8,8.0,201530
2021-08-13,7.9,8.4,7.9,8.4,378140
2021-08-16,8.6,9.1,8.6,9.1,448754
2021-08-17,9.1,9.4,8.6,8.8,246100
2021-08-18,8.8,9.1,8.6,9.0,522030
2021-08-19,9.0,9.9,9.0,9.9,614195
2021-08-20,10.0,10.3,9.5,10.0,738406
2021-08-23,10.0,11.0,9.8,11.0,530381
2021-08-24,12.0,12.1,10.6,11.1,783320
2021-08-25,11.1,11.1,10.0,10.4,291300
2021-08-26,10.4,10.8,10.0,10.0,449900
2021-08-27,10.0,10.7,9.5,10.7,359946
2021-08-30,10.7,11.1,10.5,10.8,295627
2021-08-31,10.8,10.8,10.4,10.5,241100
2021-09-01,10.3,10.6,10.2,10.4,254700
2021-09-06,10.4,10.9,10.3,10.7,315200
2021-09-07,10.9,11.4,10.9,10.9,395775
2021-09-08,10.9,11.3,10.4,10.9,255810
2021-09-09,10.9,10.9,10.5,10.8,193835
2021-09-10,10.8,11.0,10.8,10.8,215340
2021-09-13,10.8,11.8,10.8,11.8,721277
2021-09-14,12.1,12.9,11.6,12.1,433235
2021-09-15,12.0,12.0,10.9,11.5,325507
2021-09-16,11.5,11.5,11.0,11.5,279080
2021-09-17,11.5,12.3,11.3,12.0,409190
2021-09-20,12.1,12.6,11.9,12.1,390730
2021-09-21,11.9,12.0,10.9,11.8,412000
2021-09-22,11.8,12.8,11.6,12.7,513347
2021-09-23,12.8,13.0,12.1,12.1,271490
2021-09-24,12.1,12.4,12.0,12.1,357200
2021-09-27,12.0,12.0,10.9,10.9,364029
2021-09-28,10.4,11.2,10.1,11.1,254828
2021-09-29,11.2,11.4,10.8,10.9,81526
2021-09-30,10.9,11.3,10.8,10.9,143500
2021-10-01,10.9,11.1,10.8,10.8,132522
2021-10-04,10.8,10.8,10.4,10.8,206006
2021-10-05,10.8,11.5,10.8,11.4,180900
2021-10-06,11.4,11.4,11.0,11.3,97800
2021-10-07,11.0,11.4,11.0,11.3,154400
2021-10-08,11.3,11.4,11.0,11.2,241400
2021-10-11,11.3,11.3,10.9,11.2,203634
2021-10-12,11.2,11.3,11.0,11.2,116900
2021-10-13,11.2,11.3,11.0,11.1,84593
2021-10-14,11.1,11.7,10.9,11.5,324730
2021-10-15,11.5,11.8,11.4,11.5,148600
2021-10-18,11.5,12.0,11.3,11.6,237149
2021-10-19,11.5,11.7,11.1,11.3,326229
2021-10-20,11.2,11.4,11.1,11.3,147007
2021-10-21,11.3,11.4,10.9,11.2,312900
2021-10-22,11.1,11.5,11.0,11.1,228029
2021-10-25,11.2,11.2,11.0,11.0,198400
2021-10-26,11.0,11.3,10.9,11.1,185700
2021-10-27,11.1,11.5,11.0,11.4,248700
2021-10-28,11.5,11.5,11.2,11.4,332710
2021-10-29,11.5,11.5,11.2,11.3,127362
2021-11-01,11.5,12.4,11.3,12.4,714180
2021-11-02,12.9,13.0,12.2,12.4,438150
2021-11-03,12.4,12.8,11.7,11.7,325110
2021-11-04,11.5,12.8,11.5,12.2,412080
2021-11-05,12.2,12.4,12.0,12.2,254020
2021-11-08,12.4,12.9,12.3,12.6,558298
2021-11-09,12.4,12.7,12.3,12.5,310640
2021-11-10,12.7,12.8,12.3,12.6,232130
2021-11-11,12.5,12.7,12.2,12.5,329500
2021-11-12,12.5,13.7,12.3,13.7,812520
2021-11-15,13.7,15.0,13.7,15.0,666102
2021-11-16,15.0,15.0,14.6,14.7,393534
2021-11-17,14.7,15.4,13.9,15.0,475132
2021-11-18,15.2,16.5,15.1,16.5,541262
2021-11-19,17.0,18.1,16.0,16.6,605874
2021-11-22,16.5,17.0,15.5,15.6,431122
2021-11-23,15.6,16.2,14.6,16.1,176515
2021-11-24,16.2,17.3,16.2,16.7,289920
2021-11-25,17.0,17.8,16.4,17.2,412705
2021-11-26,17.2,17.2,16.5,16.6,228979
2021-11-29,16.1,16.8,15.6,16.5,216695
2021-11-30,16.5,16.9,16.1,16.3,299420
2021-12-01,16.3,16.7,16.2,16.5,220550
2021-12-02,16.8,17.3,16.6,16.7,278911
2021-12-03,16.7,16.8,15.7,16.0,256471
2021-12-06,15.5,16.0,14.4,14.4,215272
2021-12-07,13.9,14.9,13.6,14.8,196517
2021-12-08,14.8,15.1,14.4,14.8,136930
2021-12-09,14.7,14.9,14.5,14.8,68750
2021-12-10,14.8,15.2,14.8,14.8,116936
2021-12-13,14.9,15.1,14.8,15.0,142330
2021-12-14,15.0,15.2,14.9,15.1,152500
2021-12-15,15.2,16.6,15.2,16.6,359725
2021-12-16,16.9,17.2,16.0,16.1,150800
2021-12-17,15.9,16.8,15.5,16.4,259292
2021-12-20,16.4,16.9,16.4,16.7,270005
2021-12-21,16.7,16.8,16.0,16.0,125108
2021-12-22,16.2,16.5,15.4,15.5,212559
2021-12-23,15.5,15.9,14.7,14.7,227805
2021-12-24,14.7,15.1,14.2,14.9,111403
2021-12-27,15.4,15.4,14.9,15.1,87500
2021-12-28,15.1,15.7,15.1,15.4,210706
2021-12-29,15.5,16.2,15.2,16.1,179103
2021-12-30,16.4,17.7,16.2,17.7,898409
2021-12-31,18.4,19.2,17.6,18.1,514621
2022-01-04,18.0,19.2,17.8,18.3,288703
2022-01-05,18.3,18.5,17.6,18.0,408280
2022-01-06,18.0,18.0,17.4,17.6,315004
2022-01-07,17.6,17.9,17.1,17.9,425110
2022-01-10,18.2,18.3,17.4,17.4,267346
2022-01-11,17.4,17.5,16.3,16.3,268856
2022-01-12,16.3,17.0,15.9,16.6,307700
2022-01-13,16.8,16.9,15.4,15.4,255546
2022-01-14,15.3,15.8,15.1,15.7,92200
2022-01-17,15.8,15.8,14.2,14.2,242900
2022-01-18,12.9,13.4,12.8,12.8,81700
2022-01-19,11.8,14.0,11.6,12.5,256305
2022-01-20,12.6,13.3,12.0,13.2,123600
2022-01-21,13.2,14.5,13.0,13.9,154509
2022-01-24,12.7,13.4,12.6,12.6,158700
2022-01-25,12.6,12.9,11.4,12.6,78100
2022-01-26,13.0,13.0,11.8,12.4,74000
2022-01-27,12.4,12.8,12.0,12.8,24000
2022-01-28,12.8,12.8,12.0,12.8,41500
2022-02-07,12.8,13.7,12.8,13.3,96700
2022-02-08,13.3,13.3,12.6,13.2,11707
2022-02-09,13.1,13.5,13.1,13.3,34400
2022-02-10,13.3,13.4,13.1,13.3,54910
2022-02-11,13.3,13.8,13.3,13.5,58611
2022-02-14,13.3,14.2,12.2,13.5,141805
2022-02-15,13.0,13.6,12.2,13.5,39630
2022-02-16,13.5,13.7,13.3,13.4,52700
2022-02-17,13.4,13.5,13.0,13.4,66800
2022-02-18,13.4,14.0,13.2,13.8,108800
2022-02-21,13.8,14.4,13.8,14.2,129221
2022-02-22,14.0,14.3,13.7,13.9,54400
2022-02-23,13.8,14.0,12.6,14.0,67920
2022-02-24,14.0,14.4,13.2,13.9,152694
2022-02-25,14.0,14.4,13.7,14.0,133063
2022-02-28,14.0,14.3,13.9,14.1,42500
2022-03-01,13.9,14.5,13.9,14.1,128201
2022-03-02,14.1,14.5,13.6,14.0,184000
2022-03-03,14.0,14.3,13.9,14.3,33700
2022-03-04,14.4,15.1,14.4,14.8,176507
2022-03-07,14.7,14.9,14.4,14.6,33456
2022-03-08,14.6,15.0,14.3,14.6,106697
2022-03-09,14.7,14.7,13.6,14.4,121627
2022-03-10,14.4,14.8,14.3,14.4,30100
2022-03-11,14.4,14.4,14.0,14.2,25864
2022-03-14,14.0,14.4,13.2,13.6,106300
2022-03-15,13.6,14.1,13.5,13.7,35400
2022-03-16,13.8,14.2,13.7,14.0,44200
2022-03-17,14.0,14.1,13.7,14.0,67600
2022-03-18,14.0,14.0,13.6,13.9,55731
2022-03-21,13.9,14.0,13.5,13.8,120800
2022-03-22,13.5,14.1,13.5,14.0,53548
2022-03-23,14.0,14.5,14.0,14.1,86000
2022-03-24,14.0,14.0,13.8,14.0,35000
2022-03-25,14.1,14.1,13.8,13.9,27500
2022-03-28,13.7,13.8,13.5,13.7,66900
2022-03-29,13.7,13.9,13.6,13.8,57703
2022-03-30,13.8,13.9,13.3,13.7,26900
2022-03-31,13.6,13.7,13.2,13.5,43100
2022-04-01,13.2,13.4,13.2,13.4,29401
2022-04-04,13.5,14.7,13.5,14.0,75100
2022-04-05,14.0,14.1,13.7,13.7,32549
2022-04-06,14.0,14.0,13.5,13.6,12505
2022-04-07,13.5,13.6,13.3,13.3,49200
2022-04-08,13.3,13.3,12.9,13.1,44200
2022-04-12,13.1,14.4,12.5,12.5,70000
2022-04-13,12.5,12.7,12.2,12.7,15500
2022-04-14,12.8,13.0,12.2,12.6,11000
2022-04-15,12.3,12.5,12.2,12.5,14200
2022-04-18,12.3,12.3,11.3,11.3,41800
2022-04-19,11.3,12.0,10.2,11.0,68800
2022-04-20,10.6,10.9,10.2,10.4,21600
2022-04-21,9.5,9.9,9.4,9.4,67647
2022-04-22,8.5,10.3,8.5,9.6,27800
2022-04-25,9.6,9.6,8.9,8.9,14400
2022-04-26,8.5,9.1,8.2,9.1,19900
2022-04-27,9.0,9.8,9.0,9.8,21700
2022-04-28,10.0,10.0,9.5,9.9,18200
2022-04-29,9.9,10.8,9.6,10.4,25300
2022-05-04,10.5,10.5,10.0,10.0,3500
2022-05-05,10.1,10.2,9.0,10.0,16100
2022-05-06,9.8,9.8,9.5,9.5,2200
2022-05-09,8.9,8.9,8.6,8.6,24200
2022-05-10,8.3,8.9,7.8,8.5,62400
2022-05-11,8.9,9.3,8.6,9.1,60800
2022-05-12,9.1,9.2,8.7,8.7,7067
2022-05-13,8.6,8.9,7.9,7.9,48800
2022-05-16,8.3,8.6,8.0,8.1,14500
2022-05-17,7.7,8.9,7.7,8.9,19900
2022-05-18,8.9,9.2,8.9,9.2,10611
2022-05-19,9.0,9.0,8.7,9.0,1900
2022-05-20,9.0,9.1,8.7,8.8,6000
2022-05-23,8.8,8.8,8.5,8.5,11600
2022-05-24,8.5,8.5,8.2,8.5,4400
2022-05-25,8.9,8.9,8.6,8.9,5821
2022-05-26,8.9,9.3,8.8,8.9,25100
2022-05-27,8.8,9.2,8.8,9.0,24700
2022-05-30,9.0,9.4,9.0,9.1,3410
2022-05-31,9.1,9.1,8.6,8.9,11800
2022-06-01,9.0,9.0,8.7,8.8,8900
2022-06-02,8.8,8.8,8.5,8.8,12300
2022-06-03,8.5,8.9,8.4,8.5,8003
2022-06-06,8.7,9.0,8.7,9.0,17200
2022-06-07,8.7,9.0,8.5,8.8,2800
2022-06-08,8.5,9.0,8.5,8.9,8600
2022-06-09,9.0,9.0,9.0,9.0,9706
2022-06-10,9.0,9.0,9.0,9.0,0
2022-06-13,8.6,8.6,8.2,8.2,10200
2022-06-14,8.2,9.0,7.9,8.1,15100
2022-06-15,7.8,8.1,7.3,7.7,17000
2022-06-16,7.7,8.0,7.7,8.0,10049
2022-06-17,7.6,7.8,7.2,7.7,9700
2022-06-20,7.8,8.4,7.2,7.3,13500
2022-06-21,7.3,7.3,6.7,7.2,9700
2022-06-22,7.3,7.5,7.3,7.5,9800
2022-06-23,7.8,7.8,7.7,7.7,400
2022-06-24,8.1,8.1,7.4,7.8,2100
2022-06-27,7.9,7.9,7.9,7.9,7600
2022-06-28,7.9,7.9,7.9,7.9,2600
2022-06-29,8.2,8.2,8.2,8.2,100
2022-06-30,7.9,8.0,7.6,8.0,5469
2022-07-01,7.6,7.9,7.6,7.9,7300
2022-07-04,7.9,7.9,7.8,7.9,5200
2022-07-05,7.9,7.9,7.6,7.6,6500
2022-07-06,7.5,7.5,7.5,7.5,2400
2022-07-07,7.3,7.5,7.3,7.5,5900
2022-07-08,7.5,7.7,7.3,7.3,4800
2022-07-11,7.7,7.7,7.6,7.6,209
2022-07-12,7.4,7.6,7.4,7.6,22300
2022-07-13,7.7,7.7,7.6,7.6,8000
2022-07-14,7.3,8.0,7.3,7.9,36100
2022-07-15,7.8,7.9,7.5,7.8,11300
2022-07-18,8.0,8.0,7.8,7.8,4600
2022-07-19,7.6,7.8,7.5,7.5,14409
2022-07-20,7.8,7.9,7.6,7.9,6800
2022-07-21,7.9,8.0,7.6,7.9,13000
2022-07-22,7.6,7.9,7.5,7.5,9700
2022-07-25,7.4,7.9,7.2,7.9,13000
2022-07-26,7.5,7.9,7.5,7.8,1609
2022-07-27,7.8,7.8,7.8,7.8,3000
2022-07-28,7.6,7.9,7.6,7.8,13300
2022-07-29,7.7,8.0,7.7,8.0,5900
2022-08-01,8.0,8.6,7.9,8.6,78200
2022-08-02,8.6,8.6,8.3,8.5,10600
2022-08-03,8.6,9.0,8.3,8.7,40500
2022-08-04,8.9,8.9,8.5,8.6,48700
2022-08-05,8.5,8.9,8.5,8.9,15700
2022-08-08,8.9,9.1,8.7,9.1,158210
2022-08-09,9.1,9.1,8.9,9.1,93300
2022-08-10,9.1,9.9,9.1,9.7,72800
2022-08-11,9.7,9.7,9.0,9.1,67800
2022-08-12,9.2,9.6,9.0,9.4,22400
2022-08-15,9.6,9.6,9.1,9.1,13100
2022-08-16,9.2,9.2,8.8,9.1,10800
2022-08-17,9.1,9.1,8.7,9.1,25600
2022-08-18,8.7,9.2,8.6,9.1,13700
2022-08-19,8.9,9.2,8.7,9.1,24900
2022-08-22,9.1,9.1,8.7,8.7,9700
2022-08-23,8.8,9.0,8.8,9.0,5300
2022-08-24,9.1,9.1,8.8,8.9,42800
2022-08-25,8.9,9.1,8.9,9.1,27800
2022-08-26,9.0,9.0,8.7,8.8,9700
2022-08-29,8.6,8.6,8.0,8.3,34200
2022-08-30,8.3,8.5,8.2,8.4,9600
2022-08-31,8.1,8.4,8.1,8.4,9900
2022-09-05,8.4,8.4,8.1,8.4,1900
2022-09-06,8.1,8.5,8.1,8.3,7100
2022-09-07,8.1,8.2,8.1,8.1,4400
2022-09-08,8.0,8.2,7.9,8.0,13500
2022-09-09,8.2,8.2,7.8,7.9,18400
2022-09-12,7.9,7.9,7.8,7.8,5800
2022-09-13,7.8,7.9,7.8,7.9,600
2022-09-14,7.6,8.1,7.5,7.9,2600
2022-09-15,7.8,7.8,7.6,7.6,12728
2022-09-16,7.9,8.0,7.5,7.5,4900
2022-09-19,7.6,7.7,7.4,7.6,5438
2022-09-20,7.6,7.8,7.5,7.8,8700
2022-09-21,7.9,7.9,7.5,7.8,3200
2022-09-22,7.6,8.0,7.4,8.0,12800
2022-09-23,7.8,8.0,7.7,7.8,3930
2022-09-26,7.6,7.6,7.2,7.3,8500
2022-09-27,7.4,7.5,7.3,7.5,3100
2022-09-28,7.5,7.5,7.4,7.5,5310
2022-09-29,7.6,7.6,7.5,7.5,7500
2022-09-30,7.1,7.5,6.8,7.5,24900
2022-10-03,7.3,7.5,6.8,7.4,25340
2022-10-04,7.4,7.5,7.0,7.4,4300
2022-10-05,7.4,7.4,6.8,7.4,22900
2022-10-06,7.0,7.4,7.0,7.2,4600
2022-10-07,6.9,6.9,6.7,6.8,5600
2022-10-10,6.5,7.4,6.2,6.5,25300
2022-10-11,6.5,6.5,5.9,5.9,5500
2022-10-12,5.9,6.1,5.7,5.7,11900
2022-10-13,5.7,5.8,5.6,5.7,900
2022-10-14,5.8,6.0,5.8,5.9,16200
2022-10-17,5.9,5.9,5.7,5.9,500
2022-10-18,5.9,6.0,5.9,6.0,2600
2022-10-19,6.0,6.0,6.0,6.0,0
2022-10-20,5.7,5.9,5.7,5.9,1607
2022-10-21,5.8,5.9,5.6,5.9,14600
2022-10-24,5.5,5.5,5.4,5.4,9000
2022-10-25,5.0,5.0,4.9,5.0,11500
2022-10-26,5.1,5.1,5.0,5.0,400
2022-10-27,5.0,5.1,4.5,5.1,12800
2022-10-28,5.0,5.1,4.9,5.1,12000
2022-10-31,4.8,5.1,4.8,5.1,9450
2022-11-01,5.1,5.1,4.9,5.1,5200
2022-11-02,5.1,5.1,5.1,5.1,0
2022-11-03,4.7,5.0,4.7,5.0,12500
2022-11-04,4.6,4.6,4.5,4.6,2800
2022-11-07,4.6,4.6,4.6,4.6,1
2022-11-08,4.2,4.5,4.2,4.5,2200
2022-11-09,4.2,4.5,4.2,4.4,1450
2022-11-10,4.1,4.2,4.0,4.0,13800
2022-11-11,4.1,4.2,4.1,4.2,5900
2022-11-14,3.8,4.2,3.8,3.9,700
2022-11-15,3.6,3.9,3.6,3.6,32700
2022-11-16,3.9,3.9,3.7,3.9,16409
2022-11-17,4.1,4.2,3.9,3.9,56100
2022-11-18,3.7,4.1,3.7,4.1,12500
2022-11-21,4.2,4.2,4.1,4.1,4200
2022-11-22,4.1,4.5,4.1,4.2,27919
2022-11-23,4.4,4.6,4.2,4.6,33900
2022-11-24,4.7,4.7,4.4,4.6,14300
2022-11-25,4.7,4.8,4.5,4.8,4400
2022-11-28,4.9,5.2,4.8,5.1,24710
2022-11-29,5.5,5.5,5.2,5.5,9700
2022-11-30,5.7,5.9,5.5,5.8,14600
2022-12-01,5.8,5.9,5.6,5.9,20800
2022-12-02,5.9,5.9,5.6,5.9,13100
2022-12-05,6.0,6.3,6.0,6.2,22500
2022-12-06,6.2,6.4,5.6,5.8,51900
2022-12-07,5.3,6.0,5.3,5.8,15900
2022-12-08,6.0,6.0,5.5,6.0,22750
2022-12-09,6.0,6.2,5.4,5.8,35200
2022-12-12,5.9,5.9,5.3,5.3,149601
2022-12-13,5.6,5.8,4.8,5.7,23403
2022-12-14,5.8,6.0,5.2,5.9,24600
2022-12-15,5.8,5.8,5.4,5.8,47000
2022-12-16,5.4,5.7,5.3,5.6,10600
2022-12-19,5.5,5.7,5.1,5.7,44600
2022-12-20,5.7,5.7,5.2,5.5,28000
2022-12-21,5.4,5.5,5.0,5.4,20414
2022-12-22,5.3,5.6,5.3,5.6,11800
2022-12-23,5.2,5.5,5.1,5.2,8000
2022-12-26,5.5,5.5,5.5,5.5,100
2022-12-27,5.4,5.5,5.0,5.3,2900
2022-12-28,5.4,5.4,5.1,5.3,52400
2022-12-29,5.3,5.3,5.2,5.3,11000
2022-12-30,5.2,5.4,5.2,5.4,21000
2023-01-03,5.3,5.7,5.3,5.6,50100
2023-01-04,5.6,5.6,5.3,5.3,16200
2023-01-05,5.3,5.4,5.1,5.4,4600
2023-01-06,5.1,5.4,5.1,5.1,4910
2023-01-09,5.3,5.3,5.0,5.0,2600
2023-01-10,5.1,5.2,5.1,5.2,800
2023-01-11,5.2,5.3,5.2,5.2,9404
2023-01-12,5.0,5.2,4.9,5.2,10800
2023-01-13,4.9,5.6,4.8,5.2,33600
2023-01-16,5.1,5.2,5.1,5.2,1100
2023-01-17,5.2,5.3,5.1,5.3,4900
2023-01-18,5.3,5.3,5.0,5.3,17900
2023-01-19,5.1,5.3,5.0,5.3,28000
2023-01-27,5.6,5.8,5.3,5.3,8601
2023-01-30,5.3,5.4,5.2,5.2,10701
2023-01-31,5.2,5.4,5.2,5.4,6114
2023-02-01,5.4,5.4,5.2,5.2,7700
2023-02-02,5.0,5.4,5.0,5.4,1100
2023-02-03,5.4,5.4,5.4,5.4,0
2023-02-06,5.0,5.3,5.0,5.3,4600
2023-02-07,5.0,5.3,5.0,5.3,3100
2023-02-08,4.9,5.2,4.9,5.2,300
2023-02-09,5.2,5.2,5.2,5.2,0
2023-02-10,4.8,5.1,4.7,5.0,7100
2023-02-13,5.0,5.0,4.5,4.5,8500
2023-02-14,4.5,4.8,4.5,4.7,2302
2023-02-15,4.7,4.8,4.7,4.7,4601
2023-02-16,4.6,5.0,4.6,4.7,500
2023-02-17,4.8,4.8,4.7,4.8,12600
2023-02-20,4.8,5.1,4.8,5.1,7700
2023-02-21,5.1,5.2,5.0,5.0,3900
2023-02-22,5.0,5.0,4.9,4.9,3601
2023-02-23,4.9,4.9,4.8,4.8,5400
2023-02-24,4.8,5.0,4.8,4.9,5000
2023-02-27,4.5,4.9,4.5,4.9,5500
2023-02-28,4.5,4.9,4.5,4.6,13500
2023-03-01,4.8,4.8,4.7,4.7,200
2023-03-02,4.7,4.7,4.7,4.7,1100
2023-03-03,4.8,4.8,4.7,4.7,800
2023-03-06,4.5,4.9,4.5,4.8,7100
2023-03-07,4.8,4.8,4.8,4.8,1000
2023-03-08,4.8,4.8,4.8,4.8,900
2023-03-09,4.8,4.8,4.7,4.8,1200
2023-03-10,4.6,4.8,4.6,4.6,12400
2023-03-13,4.6,4.6,4.6,4.6,300
2023-03-14,4.7,4.7,4.5,4.6,4600
2023-03-15,4.6,5.0,4.6,4.9,21100
2023-03-16,4.7,4.9,4.7,4.9,2800
2023-03-17,4.9,4.9,4.9,4.9,0
2023-03-20,4.8,4.8,4.6,4.7,4300
2023-03-21,4.7,4.8,4.7,4.8,1100
2023-03-22,4.8,4.8,4.8,4.8,0
2023-03-23,4.7,4.8,4.7,4.8,3700
2023-03-24,4.7,4.9,4.7,4.9,1800
2023-03-27,4.9,5.0,4.9,5.0,129500
2023-03-28,5.0,5.1,5.0,5.0,53600
2023-03-29,4.8,4.9,4.8,4.9,9800
2023-03-30,5.0,5.0,4.8,4.8,8200
2023-03-31,4.8,5.0,4.8,5.0,3500
2023-04-03,5.1,5.1,5.0,5.1,4700
2023-04-04,5.1,5.5,5.1,5.5,191100
2023-04-05,5.6,5.8,5.5,5.7,86500
2023-04-06,5.7,5.8,5.5,5.5,26609
2023-04-07,5.5,5.7,5.5,5.6,90100
2023-04-10,5.8,5.8,5.4,5.7,120000
2023-04-11,5.7,5.8,5.4,5.6,44500
2023-04-12,5.7,5.7,5.5,5.5,26200
2023-04-13,5.5,5.5,5.5,5.5,4300
2023-04-14,5.5,5.5,5.1,5.5,41509
2023-04-17,5.6,5.6,5.4,5.5,35100
2023-04-18,5.3,5.7,5.3,5.6,51900
2023-04-19,5.4,5.4,5.2,5.2,9031
2023-04-20,5.4,5.4,5.4,5.4,101
2023-04-21,5.4,5.7,5.4,5.5,82600
2023-04-24,5.5,5.5,5.2,5.4,3466
2023-04-25,5.4,5.4,5.1,5.2,10000
2023-04-26,5.2,5.3,5.0,5.3,3500
2023-04-27,5.0,5.3,5.0,5.3,20204
2023-04-28,5.2,5.3,5.1,5.1,16700
2023-05-04,5.1,5.2,5.0,5.2,7336
2023-05-05,5.2,5.5,5.2,5.4,116530
2023-05-08,5.5,5.8,5.4,5.7,139104
2023-05-09,5.7,5.9,5.6,5.7,18010
2023-05-10,5.8,6.0,5.8,6.0,113902
2023-05-11,6.1,6.1,5.9,6.0,49301
2023-05-12,6.0,6.3,5.9,6.1,29202
2023-05-15,6.1,6.3,6.1,6.2,40822
2023-05-16,6.0,6.1,5.7,6.1,28726
2023-05-17,5.9,6.1,5.8,6.0,59501
2023-05-18,6.0,6.0,5.9,6.0,21101
2023-05-19,6.0,6.1,6.0,6.0,24037
2023-05-22,5.8,6.0,5.8,5.8,25103
2023-05-23,5.8,6.0,5.8,5.8,53038
2023-05-24,5.9,6.0,5.8,6.0,21200
2023-05-25,6.0,6.0,5.8,5.9,29104
2023-05-26,6.0,6.0,5.9,6.0,74800
2023-05-29,6.1,6.5,6.0,6.5,165550
2023-05-30,6.6,6.6,6.3,6.5,52400
2023-05-31,6.5,6.5,6.2,6.3,81300
2023-06-01,6.5,6.6,6.3,6.6,235283
2023-06-02,6.6,6.7,6.6,6.7,60400
2023-06-05,6.8,6.8,6.5,6.5,197918
2023-06-06,6.5,6.8,6.3,6.8,86600
2023-06-07,6.8,7.0,6.7,7.0,89715
2023-06-08,7.0,7.1,6.7,6.9,44200
2023-06-09,6.9,7.5,6.7,7.5,213100
2023-06-12,7.5,8.0,7.5,7.9,157001
2023-06-13,8.3,8.5,7.5,7.7,179269
2023-06-14,7.7,8.0,7.6,7.6,78503
2023-06-15,7.5,7.7,7.1,7.3,118611
2023-06-16,7.4,8.0,7.3,7.5,233838
2023-06-19,7.5,7.7,7.1,7.1,92900
2023-06-20,7.3,7.5,7.1,7.4,32000
2023-06-21,7.5,7.7,7.4,7.6,157300
2023-06-22,7.7,7.8,7.5,7.7,59100
2023-06-23,7.6,7.9,7.6,7.8,122100
2023-06-26,7.8,7.9,7.5,7.8,163700
2023-06-27,7.8,7.8,7.5,7.5,25900
2023-06-28,7.7,7.7,7.2,7.4,68300
2023-06-29,7.3,7.4,7.1,7.4,73404
2023-06-30,7.1,7.2,7.0,7.1,21800
2023-07-03,7.3,7.3,7.0,7.0,19000
2023-07-04,7.0,7.4,7.0,7.4,70035
2023-07-05,7.4,7.4,7.2,7.2,59300
2023-07-06,7.2,7.3,7.1,7.1,53600
2023-07-07,7.2,7.3,7.1,7.3,25226
2023-07-10,7.3,7.4,7.2,7.2,57500
2023-07-11,7.3,7.3,7.2,7.2,40978
2023-07-12,7.3,7.9,7.3,7.6,190237
2023-07-13,7.7,7.7,7.4,7.6,45107
2023-07-14,7.6,7.7,7.4,7.7,78900
2023-07-17,7.7,7.9,7.6,7.7,160817
2023-07-18,7.8,8.2,7.8,7.8,165212
2023-07-19,7.8,8.0,7.8,7.9,88529
2023-07-20,8.0,8.0,7.6,7.7,116006
2023-07-21,7.7,7.9,7.5,7.7,101608
2023-07-24,7.8,7.9,7.7,7.9,94611
2023-07-25,7.9,8.0,7.8,7.8,106819
2023-07-26,7.9,7.9,7.6,7.7,64205
2023-07-27,7.7,7.8,7.6,7.7,39501
2023-07-28,7.7,7.9,7.6,7.9,103145
2023-07-31,8.0,8.1,7.8,7.9,136403
2023-08-01,7.9,8.0,7.7,7.7,107703
2023-08-02,7.7,7.8,7.7,7.8,37904
2023-08-03,7.9,7.9,7.7,7.8,59502
2023-08-04,7.9,7.9,7.6,7.7,47504
2023-08-07,7.7,8.4,7.7,8.3,254601
2023-08-08,8.5,8.5,8.1,8.1,99203
2023-08-09,8.1,8.1,7.9,8.0,118808
2023-08-10,8.0,8.2,8.0,8.2,113603
2023-08-11,8.2,8.3,7.8,8.1,74100
2023-08-14,8.1,8.4,7.9,8.2,256779
2023-08-15,8.4,8.4,8.1,8.2,84000
2023-08-16,8.0,8.2,8.0,8.2,68440
2023-08-17,8.2,8.4,8.0,8.3,276538
2023-08-18,8.0,8.2,7.5,7.5,154000
2023-08-21,7.5,7.6,7.1,7.4,79300
2023-08-22,7.5,7.5,6.9,7.5,90900
2023-08-23,7.6,7.6,7.3,7.3,74900
2023-08-24,7.4,7.6,7.3,7.6,43500
2023-08-25,7.6,7.6,7.4,7.5,47000
2023-08-28,7.4,7.6,7.3,7.5,27600
2023-08-29,7.4,7.7,7.4,7.6,70100
2023-08-30,7.6,8.1,7.5,8.0,90300
2023-08-31,8.4,8.4,7.9,7.9,57741
2023-09-05,7.9,8.0,7.8,8.0,74000
2023-09-06,8.0,8.4,7.8,8.2,150600
2023-09-07,8.3,9.0,8.2,8.8,351418
2023-09-08,8.9,9.0,8.7,8.8,194500
2023-09-11,8.9,8.9,8.5,8.6,165313
2023-09-12,8.6,9.4,8.6,9.4,327406
2023-09-13,9.4,9.6,9.2,9.2,136575
2023-09-14,9.0,9.1,8.7,8.7,302054
2023-09-15,8.7,8.8,8.3,8.3,121256
2023-09-18,8.3,8.3,7.8,8.2,187414
2023-09-19,8.2,8.3,7.7,8.0,133314
2023-09-20,8.0,8.3,7.9,8.3,157405
2023-09-21,8.4,8.5,7.9,7.9,156639
2023-09-22,7.9,7.9,7.2,7.7,193104
2023-09-25,7.5,7.6,7.0,7.0,104500
2023-09-26,7.0,7.2,6.7,7.0,138301
2023-09-27,6.8,7.1,6.5,7.1,170710
2023-09-28,7.0,7.0,6.8,7.0,69501
2023-09-29,7.0,7.1,6.9,6.9,31820
2023-10-02,6.9,7.0,6.8,6.9,43604
2023-10-03,6.8,6.8,6.3,6.4,157811
2023-10-04,6.4,6.9,6.1,6.7,108014
2023-10-05,6.7,6.7,6.4,6.5,30001
2023-10-06,6.4,6.7,6.3,6.5,54344
2023-10-09,6.6,6.6,6.4,6.4,30974
2023-10-10,6.6,6.7,6.4,6.6,49144
2023-10-11,6.5,6.8,6.5,6.8,49200
2023-10-12,6.8,7.1,6.8,7.0,152400
2023-10-13,7.0,7.0,6.7,6.8,54000
2023-10-16,7.0,7.2,6.6,6.8,20646
2023-10-17,6.9,6.9,6.6,6.6,27618
2023-10-18,6.6,6.7,6.3,6.4,37903
2023-10-19,6.4,6.6,6.1,6.2,36402
2023-10-20,6.2,6.5,6.1,6.4,49600
2023-10-23,6.5,6.5,6.2,6.5,46055
2023-10-24,6.4,6.5,6.3,6.5,18400
2023-10-25,6.6,6.7,6.3,6.4,18203
2023-10-26,6.3,6.3,5.8,5.9,106248
2023-10-27,6.0,6.0,5.8,6.0,10200
2023-10-30,5.8,6.0,5.8,5.9,12601
2023-10-31,5.8,5.9,5.5,5.7,19800
2023-11-01,5.4,5.9,5.4,5.7,10204
2023-11-02,5.9,6.2,5.8,6.2,42729
2023-11-03,6.2,6.2,6.0,6.2,40103
2023-11-06,6.1,6.2,6.1,6.2,19204
2023-11-07,6.2,6.2,6.0,6.1,11900
2023-11-08,6.1,6.4,5.9,6.4,60911
2023-11-09,6.5,6.7,6.4,6.5,57512
2023-11-10,6.4,6.5,6.3,6.5,54306
2023-11-13,6.5,6.6,6.3,6.4,31900
2023-11-14,6.7,6.7,6.4,6.5,25500
2023-11-15,7.1,7.1,6.5,6.6,30012
2023-11-16,7.2,7.2,6.4,6.6,40228
2023-11-17,6.6,6.6,6.3,6.4,43506
2023-11-20,6.2,6.5,6.2,6.5,21400
2023-11-21,6.6,6.6,6.5,6.5,10303
2023-11-22,6.5,6.5,6.3,6.5,28205
2023-11-23,6.5,6.6,6.4,6.4,56102
2023-11-24,6.4,6.6,6.2,6.6,51000
2023-11-27,6.6,6.6,6.4,6.4,15208
2023-11-28,6.5,6.5,6.3,6.4,3605
2023-11-29,6.5,6.5,6.4,6.5,29500
2023-11-30,6.5,6.6,6.4,6.5,19602
2023-12-01,6.3,6.6,6.3,6.4,14500
2023-12-04,6.6,6.8,6.5,6.7,132006
2023-12-05,6.7,6.7,6.6,6.6,27502
2023-12-06,6.6,6.7,6.6,6.7,80645
2023-12-07,6.7,6.7,6.4,6.5,56504
2023-12-08,6.5,6.5,6.4,6.5,58300
2023-12-11,6.4,6.5,6.4,6.5,23700
2023-12-12,6.4,6.5,6.4,6.5,17700
2023-12-13,6.5,6.5,6.4,6.4,48900
2023-12-14,6.5,6.5,6.3,6.4,32600
2023-12-15,6.4,6.4,6.2,6.4,17100
2023-12-18,6.2,6.3,6.2,6.3,19200
2023-12-19,6.3,6.3,6.1,6.2,24400
2023-12-20,6.1,6.3,6.0,6.3,21800
2023-12-21,6.2,6.3,6.1,6.3,12500
2023-12-22,6.3,6.3,6.2,6.2,36700
2023-12-25,6.2,6.3,6.2,6.2,19211
2023-12-26,6.2,6.3,6.1,6.2,23400
2023-12-27,6.3,6.3,6.1,6.1,11700
2023-12-28,6.1,6.3,6.1,6.2,6500
2023-12-29,6.2,6.2,6.2,6.2,2800
2024-01-02,6.2,6.3,6.2,6.2,7919
2024-01-03,6.1,6.2,6.1,6.2,6700
2024-01-04,6.3,6.4,6.2,6.3,39900
2024-01-05,6.2,6.3,6.2,6.3,18400
2024-01-08,6.3,6.3,6.2,6.3,18740
2024-01-09,6.3,6.3,6.2,6.2,17000
2024-01-10,6.2,6.3,6.1,6.1,7300
2024-01-11,6.1,6.3,6.1,6.2,11100
2024-01-12,6.1,6.3,6.1,6.2,37100
2024-01-15,6.2,6.2,6.2,6.2,4000
2024-01-16,6.1,6.2,6.1,6.2,22000
2024-01-17,6.2,6.4,6.1,6.3,60300
2024-01-18,6.2,6.2,6.1,6.2,7300
2024-01-19,6.2,6.2,6.1,6.1,31400
2024-01-22,6.1,6.1,6.0,6.1,8900
2024-01-23,6.0,6.2,6.0,6.1,19700
2024-01-24,6.0,6.2,6.0,6.2,22900
2024-01-25,6.1,6.1,6.0,6.1,2100
2024-01-26,6.1,6.1,6.1,6.1,11700
2024-01-29,6.1,6.1,6.0,6.1,6300
2024-01-30,6.1,6.1,6.1,6.1,0
2024-01-31,6.1,6.2,5.7,5.9,33900
2024-02-01,5.9,6.0,5.9,6.0,27800
2024-02-02,6.0,6.0,5.9,6.0,20200
2024-02-05,6.0,6.0,6.0,6.0,1100
2024-02-06,6.0,6.1,6.0,6.0,11400
2024-02-07,6.0,6.0,6.0,6.0,38300
2024-02-15,6.1,6.2,6.1,6.1,29800
2024-02-16,6.1,6.2,6.1,6.1,4900
2024-02-19,6.1,6.1,6.0,6.1,11621
2024-02-20,6.1,6.2,6.1,6.1,15901
2024-02-21,6.2,6.2,6.1,6.2,7411
2024-02-22,6.1,6.2,6.1,6.2,28301
2024-02-23,6.1,6.3,6.1,6.1,25200
2024-02-26,6.0,6.1,6.0,6.1,30800
2024-02-27,6.2,6.4,6.2,6.3,55420
2024-02-28,6.4,6.4,6.2,6.2,23200
2024-02-29,6.2,6.3,6.2,6.3,17000
2024-03-01,6.4,6.4,6.2,6.4,119600
2024-03-04,6.4,6.6,6.4,6.4,29100
2024-03-05,6.4,6.4,6.2,6.4,86300
2024-03-06,6.4,6.4,6.0,6.3,103400
2024-03-07,6.3,6.8,6.3,6.6,245000
2024-03-08,6.7,6.7,6.5,6.5,142420
2024-03-11,6.5,6.5,6.2,6.2,177100
2024-03-12,6.2,6.2,6.1,6.2,27700
2024-03-13,6.2,6.5,6.1,6.5,116117
2024-03-14,6.5,6.6,6.4,6.5,96500
2024-03-15,6.5,6.5,6.3,6.5,47000
2024-03-18,6.5,6.5,6.1,6.3,106400
2024-03-19,6.3,6.5,6.3,6.5,56100
2024-03-20,6.3,6.4,6.3,6.4,101500
2024-03-21,6.5,6.5,6.4,6.5,64100
2024-03-22,6.4,6.4,6.4,6.4,45000
2024-03-25,6.4,6.4,6.0,6.2,320000
2024-03-26,6.2,6.3,6.1,6.3,65800
2024-03-27,6.3,6.4,6.2,6.3,60700
2024-03-28,6.3,6.4,6.2,6.4,93103
2024-03-29,6.4,6.4,6.2,6.2,13200
2024-04-01,6.2,6.3,6.1,6.2,114708
2024-04-02,6.1,6.3,6.1,6.2,53003
2024-04-03,6.2,6.3,6.1,6.1,27507
2024-04-04,6.1,6.2,6.1,6.2,71508
2024-04-05,6.2,6.2,6.1,6.1,21701
2024-04-08,6.2,6.2,6.1,6.1,39002
2024-04-09,6.1,6.1,6.0,6.1,8101
2024-04-10,6.1,6.2,6.1,6.1,26103
2024-04-11,6.1,6.1,6.0,6.1,6336
2024-04-12,6.1,6.2,6.0,6.2,17209
2024-04-15,6.2,6.2,5.8,5.8,33300
2024-04-16,5.7,5.7,5.5,5.7,38300
2024-04-17,5.5,5.8,5.5,5.7,21105
2024-04-19,5.7,5.7,5.3,5.3,66200
2024-04-22,5.3,5.6,5.3,5.6,24641
2024-04-23,5.5,5.5,5.4,5.4,9600
2024-04-24,5.4,5.6,5.4,5.6,9700
2024-04-25,5.4,5.5,5.4,5.5,33300
2024-04-26,5.5,5.5,5.4,5.4,2900
2024-05-02,5.4,5.4,5.3,5.4,18900
2024-05-03,5.4,5.5,5.4,5.4,4300
2024-05-06,5.4,5.5,5.4,5.5,39100
2024-05-07,5.5,5.6,5.4,5.5,15300
2024-05-08,5.4,5.6,5.4,5.6,12200
2024-05-09,5.6,5.6,5.5,5.6,29100
2024-05-10,5.6,5.6,5.5,5.6,23700
2024-05-13,5.6,5.8,5.6,5.7,44100
2024-05-14,5.6,5.9,5.6,5.6,22100
2024-05-15,5.7,5.8,5.7,5.7,21800
2024-05-16,5.9,5.9,5.6,5.6,7404
2024-05-17,5.7,5.7,5.5,5.6,42900
2024-05-20,5.7,5.7,5.6,5.7,26905
2024-05-21,5.9,5.9,5.6,5.8,10500
2024-05-22,5.7,5.9,5.7,5.7,37103
2024-05-23,5.8,5.8,5.6,5.7,11701
2024-05-24,5.7,5.7,5.5,5.5,37103
2024-05-27,5.5,5.6,5.5,5.6,3500
2024-05-28,5.7,5.7,5.6,5.7,2205
2024-05-29,5.7,5.7,5.6,5.7,11507
2024-05-30,5.6,5.7,5.6,5.7,32111
2024-05-31,5.6,5.7,5.6,5.7,25900
2024-06-03,5.7,5.8,5.7,5.8,39900
2024-06-04,5.8,5.8,5.6,5.7,25705
2024-06-05,5.7,5.7,5.7,5.7,17600
2024-06-06,5.7,5.7,5.6,5.7,21308
2024-06-07,5.7,5.7,5.6,5.7,5700
2024-06-10,5.7,5.8,5.7,5.7,14102
2024-06-11,5.7,5.7,5.7,5.7,4000
2024-06-12,5.7,6.2,5.7,6.2,157736
2024-06-13,6.3,6.3,6.1,6.2,11303
2024-06-14,6.2,6.2,5.8,5.8,58348
2024-06-17,5.8,5.9,5.7,5.9,45214
2024-06-18,5.8,5.9,5.7,5.9,17600
2024-06-19,5.7,5.9,5.7,5.9,17600
2024-06-20,5.9,5.9,5.8,5.8,12400
2024-06-21,5.8,5.9,5.8,5.8,8300
2024-06-24,5.7,5.8,5.6,5.6,7705
2024-06-25,5.6,5.7,5.5,5.5,20000
2024-06-26,5.5,5.7,5.5,5.5,11701
2024-06-27,5.7,5.7,5.6,5.6,9600
2024-06-28,5.6,5.6,5.5,5.5,7700
2024-07-01,5.5,5.6,5.5,5.5,19200
2024-07-02,5.5,5.5,5.4,5.5,17000
2024-07-03,5.5,5.6,5.5,5.6,20800
2024-07-04,5.6,5.6,5.5,5.6,6606
2024-07-05,5.5,5.5,5.4,5.5,7500
2024-07-08,5.5,5.5,5.4,5.4,2600
2024-07-09,5.4,5.5,5.4,5.5,9500
2024-07-10,5.5,5.6,5.5,5.5,11903
2024-07-11,5.5,5.6,5.5,5.6,9509
2024-07-12,5.6,5.7,5.6,5.7,12804
2024-07-15,5.5,5.7,5.5,5.6,2823
2024-07-16,5.6,5.6,5.5,5.6,4100
2024-07-17,5.5,5.7,5.5,5.7,13000
2024-07-18,5.5,5.6,5.4,5.6,5000
2024-07-19,5.6,5.6,5.5,5.6,3500
2024-07-22,5.4,5.5,5.4,5.5,3100
2024-07-23,5.4,5.4,5.4,5.4,4201
2024-07-24,5.4,5.4,5.3,5.4,1300
2024-07-25,5.4,5.4,5.3,5.4,3600
2024-07-26,5.4,5.4,5.3,5.3,11400
2024-07-29,5.4,5.4,5.3,5.4,8300
2024-07-30,5.3,5.3,4.9,5.2,55700
2024-07-31,5.2,5.4,5.2,5.4,33400
2024-08-01,5.4,5.4,5.0,5.2,25600
2024-08-02,5.0,5.2,5.0,5.2,3100
2024-08-05,5.1,5.1,4.7,4.7,15600
2024-08-06,5.0,5.0,4.8,5.0,17900
2024-08-07,5.1,5.1,4.9,5.0,1300
2024-08-08,4.8,5.0,4.8,5.0,4600
2024-08-09,5.0,5.1,5.0,5.1,6600
2024-08-12,5.0,5.1,5.0,5.1,2100
2024-08-13,5.0,5.0,5.0,5.0,500
2024-08-14,4.9,5.0,4.9,5.0,700
2024-08-15,5.1,5.1,4.9,4.9,6800
2024-08-16,5.1,5.1,4.9,5.1,6300
2024-08-19,5.1,5.2,5.1,5.2,6400
2024-08-20,5.1,5.2,5.1,5.2,8900
2024-08-21,5.1,5.1,5.0,5.1,8500
2024-08-22,5.1,5.2,5.0,5.0,33000
2024-08-23,5.0,5.0,4.9,5.0,10400
2024-08-26,5.0,5.0,5.0,5.0,7600
2024-08-27,5.0,5.0,4.9,5.0,7700
2024-08-28,5.0,5.0,4.9,5.0,1500
2024-08-29,5.0,5.0,4.9,5.0,1100
2024-08-30,4.9,5.0,4.8,5.0,14400
2024-09-04,4.8,4.9,4.7,4.9,13100
2024-09-05,4.8,4.8,4.8,4.8,10400
2024-09-06,4.8,4.8,4.8,4.8,16900
2024-09-09,4.7,4.8,4.7,4.8,1000
2024-09-10,4.8,4.9,4.7,4.8,3400
2024-09-11,4.8,4.8,4.7,4.7,1400
2024-09-12,4.7,4.8,4.7,4.8,400
2024-09-13,4.6,4.8,4.6,4.8,2500
2024-09-16,4.9,4.9,4.8,4.9,2800
2024-09-17,4.8,4.9,4.8,4.8,3200
2024-09-18,4.8,4.9,4.8,4.8,900
2024-09-19,4.9,4.9,4.9,4.9,1600
2024-09-20,4.9,5.0,4.9,4.9,2900
2024-09-23,4.8,4.9,4.8,4.9,6200
2024-09-24,4.7,4.9,4.7,4.9,5500
2024-09-25,4.8,4.9,4.8,4.9,8000
2024-09-26,4.9,4.9,4.8,4.9,2400
2024-09-27,4.9,4.9,4.9,4.9,3200
2024-09-30,4.9,4.9,4.8,4.8,3800
2024-10-01,4.8,5.0,4.8,4.9,12000
2024-10-02,5.0,5.0,4.8,5.0,2900
2024-10-03,5.0,5.0,4.8,4.9,5900
2024-10-04,4.9,4.9,4.7,4.9,600
2024-10-07,5.0,5.0,4.9,4.9,1800
2024-10-08,4.8,4.9,4.8,4.9,300
2024-10-09,4.8,4.9,4.8,4.9,1600
2024-10-10,4.9,5.0,4.8,4.9,4600
2024-10-11,4.9,4.9,4.9,4.9,100
2024-10-14,4.9,5.0,4.8,5.0,17700
2024-10-15,5.0,5.0,4.9,5.0,11200
2024-10-16,5.0,5.0,4.8,5.0,8400
2024-10-17,5.0,5.0,5.0,5.0,27100
2024-10-18,5.0,5.0,4.9,4.9,4600
2024-10-21,5.0,5.0,4.9,4.9,29000
2024-10-22,5.0,5.0,4.8,5.0,12300
2024-10-23,4.8,5.0,4.8,5.0,11000
2024-10-24,5.0,5.0,4.8,4.9,1900
2024-10-25,4.8,4.9,4.8,4.9,10100
2024-10-28,4.8,4.9,4.8,4.9,6800
2024-10-29,4.8,4.9,4.7,4.9,1600
2024-10-30,4.7,4.9,4.7,4.9,6600
2024-10-31,4.8,5.0,4.8,5.0,6200
2024-11-01,4.8,4.9,4.8,4.9,7400
2024-11-05,4.7,4.9,4.7,4.9,3800
2024-11-06,4.9,4.9,4.9,4.9,7300
2024-11-07,4.8,4.9,4.8,4.9,7500
2024-11-08,5.0,5.0,4.9,4.9,1900
2024-11-12,4.9,4.9,4.9,4.9,5300
2024-11-13,4.8,4.9,4.7,4.9,5300
2024-11-14,4.8,4.8,4.7,4.7,6500
2024-11-15,4.7,4.8,4.7,4.7,10600
2024-11-18,4.8,4.8,4.7,4.8,12300
2024-11-19,4.7,4.8,4.7,4.7,1600
2024-11-20,4.7,4.8,4.7,4.8,3400
2024-11-21,4.7,4.8,4.7,4.8,1100
2024-11-22,4.7,4.8,4.6,4.8,1900
2024-11-25,4.7,4.8,4.7,4.8,4300
2024-11-26,4.7,4.8,4.6,4.7,10100
2024-11-27,4.8,4.8,4.7,4.7,900
2024-11-28,4.7,4.8,4.6,4.7,1900
2024-11-29,4.6,4.7,4.6,4.7,4700
2024-12-02,4.8,4.8,4.7,4.7,200
2024-12-03,4.8,4.8,4.4,4.7,2700
2024-12-04,4.6,4.6,4.5,4.6,2500
2024-12-05,4.7,4.8,4.6,4.8,12200
2024-12-06,4.8,4.8,4.7,4.8,3600
2024-12-09,4.7,4.8,4.7,4.8,600
2024-12-10,4.8,4.8,4.6,4.8,3100
2024-12-11,4.8,4.8,4.8,4.8,19200
2024-12-12,4.8,4.9,4.7,4.8,13700
2024-12-13,4.9,4.9,4.6,4.8,15900
2024-12-16,4.8,4.9,4.7,4.7,8900
2024-12-17,4.8,4.9,4.7,4.8,4900
2024-12-18,4.8,4.8,4.7,4.8,3800
2024-12-19,4.8,4.8,4.8,4.8,7400
2024-12-20,4.9,4.9,4.7,4.8,5000
2024-12-23,4.8,5.1,4.8,4.9,20000
2024-12-24,4.9,4.9,4.9,4.9,2700
2024-12-25,4.9,5.1,4.9,5.0,21700
2024-12-26,4.9,5.0,4.9,5.0,3600
2024-12-27,4.9,5.0,4.9,5.0,1200
2024-12-30,4.8,4.8,4.8,4.8,3200
2024-12-31,4.8,4.8,4.7,4.8,16600
